PRAGMA foreign_keys=OFF;
BEGIN TRANSACTION;
CREATE TABLE `migrations` (`id` text,PRIMARY KEY (`id`));
INSERT INTO migrations VALUES('202312101416');
INSERT INTO migrations VALUES('202312101430');
INSERT INTO migrations VALUES('202402151347');
INSERT INTO migrations VALUES('2024041121742');
INSERT INTO migrations VALUES('202406021630');
INSERT INTO migrations VALUES('202409271400');
INSERT INTO migrations VALUES('202407191627');
INSERT INTO migrations VALUES('202408181235');
INSERT INTO migrations VALUES('202501221827');
INSERT INTO migrations VALUES('202501311657');
INSERT INTO migrations VALUES('202502070949');
INSERT INTO migrations VALUES('202502131714');
INSERT INTO migrations VALUES('202502171819');
INSERT INTO migrations VALUES('202505091439');
INSERT INTO migrations VALUES('202505141324');
CREATE TABLE IF NOT EXISTS "pre_auth_keys"  (`id` integer,`key` text,"user_id" integer,`reusable` numeric,`ephemeral` numeric DEFAULT false,`used` numeric DEFAULT false,`created_at` datetime,`expiration` datetime, `tags` text,PRIMARY KEY (`id`),CONSTRAINT `fk_pre_auth_keys_user` FOREIGN KEY (`user_id`) REFERENCES `users`(`id`) ON DELETE CASCADE);
INSERT INTO pre_auth_keys VALUES(1,'c0e73b52c1706fcceea368ae07c19c0e91fbe1f78eff2f7b',1,0,1,0,'2022-02-26 17:02:32.568878371+00:00','2022-02-26 18:11:15.388354971+01:00',NULL);
INSERT INTO pre_auth_keys VALUES(2,'ad293159f9506a02d6de4730e5a2ddb74f9fd4033919ecc5',1,0,1,1,'2022-02-26 17:08:07.828690446+00:00','2022-02-26 18:11:18.890985216+01:00',NULL);
INSERT INTO pre_auth_keys VALUES(3,'66c7e0fbf74010ea2e153d35ffa0f3c48380ef38960d1fd1',1,0,0,1,'2022-02-26 17:11:54.149663776+00:00','2022-02-26 17:16:54.147175388+00:00',NULL);
INSERT INTO pre_auth_keys VALUES(4,'cdbb69c88fabdc2609050c7f99e8ebdea6fcf81a50d802fc',1,0,0,1,'2022-02-26 17:15:34.160746962+00:00','2022-02-26 17:20:34.15935255+00:00',NULL);
INSERT INTO pre_auth_keys VALUES(6,'0a99889a217a2f9cdd20082faadd5c90e72c83a47093a63a',1,0,0,1,'2022-03-04 07:27:17.535172209+00:00','2022-03-04 07:32:17.531871524+00:00',NULL);
INSERT INTO pre_auth_keys VALUES(10,'6e88409e3883c1a47249e428030afd4a46bdaf3adb3b74c1',4,0,0,1,'2022-04-01 20:43:21.757703546+00:00','2022-04-01 20:48:21.756458144+00:00',NULL);
INSERT INTO pre_auth_keys VALUES(13,'9d3c2bde9fcef181a3141dfe59d449bf03f6779dad3580e0',1,0,0,1,'2022-06-26 13:19:48.533865696+00:00','2022-06-26 13:24:48.532164552+00:00',NULL);
INSERT INTO pre_auth_keys VALUES(16,'00b123d52ea8f58379b740fdc5c898b02330ab9b366cb1b4',1,0,0,1,'2023-02-12 06:21:30.15120385+00:00','2023-02-12 06:26:30.140082454+00:00',NULL);
INSERT INTO pre_auth_keys VALUES(17,'c471ce93392c0d3040af0cf6166f4f578c3c66dd180b6e0b',1,0,0,1,'2023-02-12 06:26:55.829311638+00:00','2023-02-12 06:31:55.824701077+00:00',NULL);
INSERT INTO pre_auth_keys VALUES(18,'fe0a438e67687540efcbbbc28c8e6c1b8ac1216f99de33d4',1,0,0,1,'2023-02-12 06:31:13.245185592+00:00','2023-02-12 06:36:13.241695106+00:00',NULL);
INSERT INTO pre_auth_keys VALUES(19,'5a469043f1fa43ff11e54ea242dd882a81aea68f168b9a34',1,0,0,1,'2023-02-12 06:31:13.622545545+00:00','2023-02-12 06:36:13.560890824+00:00',NULL);
INSERT INTO pre_auth_keys VALUES(20,'8b31d9a38282dfe07ffcebdfbd40db6b9e49997c93bed570',1,0,0,1,'2023-02-28 12:45:48.518939706+00:00','2023-02-28 12:50:48.445951259+00:00',NULL);
INSERT INTO pre_auth_keys VALUES(21,'47a4216f2b4e5885d4e53a3de2ffe95521d8a708ca26d31e',1,0,0,1,'2023-02-28 12:45:48.53865321+00:00','2023-02-28 12:50:48.439132728+00:00',NULL);
INSERT INTO pre_auth_keys VALUES(22,'1b7be83871f396e4544c8445acfc8d308dbfe29c7f0197f0',1,0,0,1,'2023-02-28 12:45:48.538806791+00:00','2023-02-28 12:50:48.445073692+00:00',NULL);
INSERT INTO pre_auth_keys VALUES(23,'c9f364adba95c6c46c162eaa3786702805595841c0150927',1,0,0,1,'2023-05-05 08:08:16.73107293+00:00','2023-05-05 08:13:16.722921676+00:00',NULL);
INSERT INTO pre_auth_keys VALUES(24,'a90c87e30fa22ffee39e5ce157dd22c909f2026295e3bce4',1,0,0,1,'2023-08-14 14:36:52.042138928+00:00','2023-08-14 14:41:52.038644473+00:00',NULL);
INSERT INTO pre_auth_keys VALUES(25,'bb059cde5663619a8918bde19b9f8236085725554d9d78c2',1,0,0,1,'2023-08-14 16:15:33.722630834+00:00','2023-08-14 16:20:33.719604033+00:00',NULL);
INSERT INTO pre_auth_keys VALUES(26,'0733b8fc67adc82644c87a95947b24c5d368c633cff92eb4',1,0,0,1,'2023-08-29 06:30:44.934900329+00:00','2023-08-29 06:35:44.931280114+00:00',NULL);
INSERT INTO pre_auth_keys VALUES(27,'567f3a39066fd99c567d14bcc374b25cee0ad71af08b9054',1,0,0,1,'2023-11-03 17:53:45.857200883+00:00','2023-11-03 17:58:45.853742836+00:00',NULL);
INSERT INTO pre_auth_keys VALUES(30,'8aa13c93cbef46d36c8159da51fb41a469ae04f932980890',1,0,0,1,'2024-07-29 12:24:27.140614087+00:00','2024-07-29 12:29:27.136525982+00:00',NULL);
INSERT INTO pre_auth_keys VALUES(31,'9314b171abc433d73b8db297c1c5c65dae0be53d39a71520',1,0,0,1,'2024-08-07 18:35:12.375119763+00:00','2024-08-07 18:40:12.371590392+00:00',NULL);
INSERT INTO pre_auth_keys VALUES(32,'6a8fd483387734664f2a911545150a9bc0d9f12a744fe913',7,0,0,0,'2025-02-23 06:56:50.319087142+00:00','2025-02-23 07:56:50.31726796+00:00','[]');
INSERT INTO pre_auth_keys VALUES(33,'f9e6f7c415c3dada62a7ddaaa84089c1ae5a79799135ddb7',1,0,0,0,'2025-05-20 12:42:38.359223624+00:00','2025-05-20 12:47:38.357400723+00:00','[]');
INSERT INTO pre_auth_keys VALUES(34,'14bbc5eec5d659e311d1317b5b6fa100989d362e9c9391ca',1,0,0,1,'2025-05-20 12:45:13.242066722+00:00','2025-05-20 12:50:13.240121832+00:00','[]');
CREATE TABLE IF NOT EXISTS "api_keys"  (`id` integer,`prefix` text UNIQUE,`hash` blob,`created_at` datetime,`expiration` datetime,`last_seen` datetime,PRIMARY KEY (`id`));
INSERT INTO api_keys VALUES(1,'S2nn85NliD',X'24326224313224454b717078586e6e7a35566461394c6a744b435a454f6c3539636351513630693035355052625772664b2f776f37467a586d592f57','2022-12-25 21:35:28.644697962+01:00','2023-03-22 06:22:18.724817647+01:00',NULL);
INSERT INTO api_keys VALUES(2,'1KZkpEyiMH',X'243262243132244854744d444b68744567707a2f4b4c4468316658742e6679415a445651546e3270787032334243315547366f4a2f3758326f30422e','2023-03-22 06:22:18.339101298+01:00','2023-04-13 09:32:24.318715268+02:00',NULL);
INSERT INTO api_keys VALUES(3,'6yBMrqvEDX',X'24326224313224714d6e6b52514a773661742f546f69356b45795a744f5077726c76393467713741442f7a344d726e59457032542e5a797162345043','2023-04-13 09:32:23.864995051+02:00','2023-07-12 07:32:23.45+00:00',NULL);
CREATE TABLE `policies` (`id` integer PRIMARY KEY AUTOINCREMENT,`created_at` datetime,`updated_at` datetime,`deleted_at` datetime,`data` text);
CREATE TABLE IF NOT EXISTS "users"  (`id` integer,`created_at` datetime,`updated_at` datetime,`deleted_at` datetime,`name` text UNIQUE,`display_name` text,`email` text,`provider_identifier` text,`provider` text,`profile_pic_url` text,PRIMARY KEY (`id`));
INSERT INTO users VALUES(1,'2022-02-26 18:00:56.104436744+01:00','2025-05-14 18:46:33.171927603+02:00',NULL,'user001','','',NULL,'','');
INSERT INTO users VALUES(4,'2022-04-01 22:30:02.657653341+02:00','2025-05-14 18:46:33.172257847+02:00',NULL,'user004','','',NULL,'','');
INSERT INTO users VALUES(7,'2024-05-05 07:08:47.915309504+02:00','2025-05-14 18:46:33.17253525+02:00',NULL,'user007','','',NULL,'','');
INSERT INTO users VALUES(8,'2024-09-14 08:57:26.215082073+02:00','2025-05-14 18:46:33.172790221+02:00',NULL,'user008','','',NULL,'','');
INSERT INTO users VALUES(9,'2025-03-09 11:22:20.790371056+01:00','2025-05-14 18:46:33.173008092+02:00',NULL,'user009','','',NULL,'','');
CREATE TABLE IF NOT EXISTS "nodes"  (`id` integer,`machine_key` text,`node_key` text,`disco_key` text,"hostname" text,"user_id" integer,`register_method` text,`auth_key_id` integer,`expiry` datetime,`host_info` text,`endpoints` text,`created_at` datetime,`updated_at` datetime,`deleted_at` datetime,`given_name` varchar(63),`forced_tags` text,`ipv4` text,`ipv6` text,`approved_routes` text, `last_seen` datetime,PRIMARY KEY (`id`),CONSTRAINT `fk_nodes_user` FOREIGN KEY (`user_id`) REFERENCES `users`(`id`) ON DELETE CASCADE,CONSTRAINT `fk_nodes_auth_key` FOREIGN KEY (`auth_key_id`) REFERENCES `pre_auth_keys`(`id`) ON DELETE SET NULL);
INSERT INTO nodes VALUES(1,'mkey:474325234da7eb017709065b11310982f2d27f555982cd1d244eed609b8915f8','nodekey:39346ddf789f4b8e0b75640ddb6c68345d9558a05da328ff7aba3f32e0d532ac','discokey:a3339402132a7e9270202a62006a6bf2c7bb878ba42b3d32dd041f48c4106756','laptop-97',1,'authKey',3,'0001-01-01 00:00:00+00:00','{"fake":"data"}','["184.61.212.248:29690","[32a5:51:afc3:d256:5b83:97cd:bb34:13c1]:63964","58.104.128.216:9783","[2893:715c:4057:d56b:ec9b:b0b1:f551:dda2]:53876","124.44.86.49:25138"]','2022-02-26 18:11:55.92837512+01:00','2025-06-28 12:31:23.433667354+02:00',NULL,'node001',NULL,'100.64.0.1','fd7a:115c:a1e0::1',NULL,'2025-06-28 12:31:23.433017377+02:00');
INSERT INTO nodes VALUES(3,'mkey:5b5f43f22e7a71c5fd565e80430c0e6dac71a5cdb6ba74b1bb54baa0c9ffdc03','nodekey:db60b0b5f7fad865e516f069068d809f23b89b787824398150083f8a556841f9','discokey:456266be182c7d6e5da46744ed79fd2478a8680682b9e4994f88a58fb8977b64','web-42',7,'authKey',NULL,'0001-01-01 00:00:00+00:00','{"fake":"data"}','["59.239.218.25:49807","[cfa4:ad2e:1410:3b78:ce03:b437:6749:ff3a]:39835"]','2022-03-01 19:26:46.242187887+01:00','2025-05-05 10:20:11.253224494+02:00',NULL,'node003',NULL,'100.64.0.3','fd7a:115c:a1e0::3','["172.19.40.0/21","172.28.0.0/15"]',NULL);
INSERT INTO nodes VALUES(4,'mkey:e87e820508bd86c183ebe4ffb80637130b6d7480c3db5b94fbe4be097ca31d6b','nodekey:36d6615362a2367b323e53348e7b300b5d3180954f6c73d619738b6b416f8b29','discokey:31bde1fc825d42faaefc6baeb19205176d325a0c385b3d5c42020fac5828baf7','srv-79',1,'authKey',6,'0001-01-01 00:00:00+00:00','{"fake":"data"}','["157.68.216.200:462","[8dc0:10e:95b6:9954:2614:8dcc:6564:e167]:58499","[8e6d:95be:19a9:316a:d37e:bcb6:5e05:d7f0]:36162","[5bb2:705a:7f5c:3c9:db83:956a:1ce:5291]:9510","37.24.123.232:17607","17.23.6.93:59855","[43da:7790:faf4:7da1:8df9:7bd2:7edd:86cb]:32916"]','2022-03-04 08:27:19.383566031+01:00','2025-06-28 09:41:55.764039354+02:00',NULL,'node004',NULL,'100.64.0.2','fd7a:115c:a1e0::2',NULL,'2025-06-28 09:41:55.763896815+02:00');
INSERT INTO nodes VALUES(5,'mkey:1390cccca2383b00ee50269c3f66a3282d6ac74d510da12d0ff6d06dfa585d6d','nodekey:10bc9579231e8407d16e1145240057b151187c0f713751369fee9d784a0396f1','discokey:bbaae038137272e4ffe36cfa61b5754de21be50116ac18ba68993ac3fef0bc86','desktop-07',8,'authKey',NULL,'0001-01-01 00:00:00+00:00','{"fake":"data"}','["7.15.39.193:11845","87.221.84.2:11620","71.36.112.35:10587","68.226.133.92:29098","11.142.49.170:22792","32.34.123.165:35870"]','2022-03-05 13:54:23.660591381+01:00','2025-02-23 12:50:07.99213101+01:00',NULL,'node005',NULL,'100.64.0.4','fd7a:115c:a1e0::4',NULL,NULL);
INSERT INTO nodes VALUES(6,'mkey:bbc0e9d7c02e59a66359201518e7c194d0767a35c8ebf01160df46c99e2a4fb4','nodekey:c03fe802222407ea830f88ac6bffc3b151402e6a9bf51329f252a6235c3e9edb','discokey:f8a7aa10dc7ca161f31103ea4f240f04e4f1eabaecd4cef7ca7e8c06cdf8f7f8','desktop-29',1,'authkey',NULL,'0001-01-01 00:00:00+00:00','{"fake":"data"}','["146.236.198.32:16212","[a38c:efed:7c57:2d0f:4348:fbba:e351:9d7]:10415","[8c73:5e49:de7d:6494:c1e:7525:20c1:4e51]:31219"]','2022-03-21 15:52:20.739594362+01:00','2025-06-27 06:44:54.03512388+02:00',NULL,'node006',NULL,'100.64.0.5','fd7a:115c:a1e0::5',NULL,'2025-06-27 06:44:53.041866553+02:00');
INSERT INTO nodes VALUES(7,'mkey:273845dc25d0db5a03a825317314a99e4ba47c754b48e864032dd9dbdd780069','nodekey:db16750752e4236f2db3adb3dc87b779a99dbca4454d680e80b1db68485de119','discokey:c9739f2584f4f04352e167e14b9b2a7f849a7e174cf7ed057988de85284ff98b','srv-19',4,'authkey',10,'0001-01-01 00:00:00+00:00','{"fake":"data"}','["[2621:a1d2:a66d:a6cf:3592:dff2:93dc:5b32]:62817","[e1e8:e93f:ab91:4027:e416:9932:8e9:6fcb]:30261","215.10.187.249:19488","[bfe7:ebf6:e338:79a6:dba:4051:a7df:10]:31519","128.57.253.0:39500","25.178.136.37:18298"]','2022-04-01 22:43:27.318756043+02:00','2025-06-28 03:32:29.065962525+02:00',NULL,'node007',NULL,'100.64.0.6','fd7a:115c:a1e0::6',NULL,'2025-06-28 03:32:29.065314923+02:00');
INSERT INTO nodes VALUES(8,'mkey:de3d486a2491db953838ba8645073e4bd830d5a73d3cc4d2de21f5c89440acaa','nodekey:e90305687f5829ee9dd005d56dda139f7821635a8cc78f9632ee95c2e9a77a1f','discokey:a6aef9c5cc375914e419eb3d1d20d0a7c22829589dd831ae3fb389b6928d84de','desktop-58',7,'authkey',NULL,'0001-01-01 00:00:00+00:00','{"fake":"data"}','["[3486:5bc7:ada8:8da1:9df9:3cc6:d018:ee8b]:65112","43.182.159.11:27315","[12a4:b567:a06e:b675:a878:2f42:e5e1:429f]:60924","[171f:b843:ff2e:b9f0:9890:1aac:42e5:c2ab]:47842","174.7.154.174:51720","27.60.143.54:24292","[75c8:63d5:d781:ffb6:6d87:822:dc90:8e21]:58598","219.62.61.186:43774"]','2022-04-03 09:38:46.178224968+02:00','2025-06-28 08:41:48.401988354+02:00',NULL,'node008',NULL,'100.64.0.7','fd7a:115c:a1e0::7',NULL,'2025-06-28 08:41:48.401718826+02:00');
INSERT INTO nodes VALUES(9,'mkey:b611d5e2fc1ab1d3170a28fc8b95533488d8b60037899c23b3a92c90df0a4184','nodekey:365a5cd793fb1bebd177654e622112f431f472d89d3f4c410c8dfad67da69b67','discokey:d5963ebed732aa08dbef53f02a882074fec07b6dd734ea960879ff3a277d2b22','web-21',7,'cli',NULL,'0001-01-01 00:00:00+00:00','{"fake":"data"}','["83.54.151.81:48561","[b513:b737:33f3:dd2a:df4:a90f:6797:6b1e]:7773","166.251.234.109:41163","[c908:b81c:b4c8:38d3:e311:b3f6:3067:227c]:11541","[f41f:b9e9:9205:210a:4ff9:ab34:57fd:3148]:21852","[3d49:412:9781:b399:f9a5:587e:bd2e:a579]:3775","[867:a7e:7e04:bfbb:6286:f95f:1abd:9b5a]:63765","147.22.45.153:11543"]','2022-04-09 09:43:07.09027176+02:00','2025-06-27 18:34:44.020047301+02:00',NULL,'node009',NULL,'100.64.0.8','fd7a:115c:a1e0::8',NULL,'2025-06-27 18:34:44.019955758+02:00');
INSERT INTO nodes VALUES(10,'mkey:6741c4c82ad84e841fcfbf08ef6f04eff5d2f9b0ba84d5ee461fb33b2ca5cd29','nodekey:e25cf4bd0f6a2b4b124de9ceb3ee35b9dd7c5fea804de904d3654d662f4d17ee','discokey:ac9ede38c3ba09f2a29106a1e7d51fffb8254a291094f959417f172d3d59714f','web-40',1,'authkey',NULL,'0001-01-01 00:00:00+00:00','{"fake":"data"}','["147.92.114.14:38013","223.127.253.143:5148"]','2022-06-26 13:57:07.40762063+02:00','2025-06-27 14:19:25.551023302+02:00',NULL,'node010',NULL,'100.64.0.9','fd7a:115c:a1e0::9',NULL,'2025-06-27 14:19:25.550738565+02:00');
INSERT INTO nodes VALUES(11,'mkey:7c84b8eea26e6d6a14e08ee933806ca4fb854bd0a168ee576efc58a69523ea0f','nodekey:00cb375ac5580c5718d7879942eba4378d73bf4026ae583a72c6d72f9a2f5958','discokey:69afa6724b1c46f7947a232489f51bd458db562c1144d41ba1b6075395e62529','db-61',1,'authkey',13,'0001-01-01 00:00:00+00:00','{"fake":"data"}','["[9599:6347:eeed:7573:eb34:676:69d5:954]:17338","87.151.18.221:6598","110.245.60.227:50528","33.141.84.140:39332","141.199.13.112:28607"]','2022-06-26 15:19:50.566498735+02:00','2025-06-27 22:13:31.905300414+02:00',NULL,'node011',NULL,'100.64.0.10','fd7a:115c:a1e0::a',NULL,'2025-06-27 22:13:31.904659225+02:00');
INSERT INTO nodes VALUES(14,'mkey:4924fd3356d306df5387fd14994f605fefb34228482555a798ac35fa7a62c5f0','nodekey:541fea598d1b043201c43a983820265ec347c42c2716733737ff7c2e7be9398e','discokey:d6cccc631dc105d670b2533c3de0bd6f22eb54cc0a6ccea85d891d5ff2b2c81e','desktop-54',1,'authkey',NULL,'0001-01-01 00:00:00+00:00','{"fake":"data"}','["4.222.6.136:38260","[b46f:c4d4:f889:3155:aafc:d69a:48ca:a4c1]:44786","[c7d0:cf6f:bb45:6922:7fd7:adb7:59f5:499e]:60522"]','2022-09-26 16:07:54.206927686+02:00','2025-06-27 06:44:53.567922585+02:00',NULL,'node014',NULL,'100.64.0.13','fd7a:115c:a1e0::d','["10.0.0.0/12","172.20.0.0/14"]','2025-06-27 06:44:53.042608133+02:00');
INSERT INTO nodes VALUES(23,'mkey:54219375ce0ab01cd59b56ad984df668ae7cbe49b7b91e44877ae0d7012d6106','nodekey:2b0c163bc497f6214b25d6a333a37d273c260630dcc91782897f19a579f92a5b','discokey:4cf24a025241ad9a69c20d40513dfee5626f934d738e18f4a64fd9a1ace2cb24','srv-15',1,'authkey',23,'0001-01-01 00:00:00+00:00','{"fake":"data"}','["[60da:30ec:55bd:5ab3:3fe7:5492:1fc8:92f3]:36566","105.238.97.70:40193","[8c84:2d7e:5e1a:2f51:8754:aa54:b421:a19f]:60672","[5101:751a:5e00:cf46:8b50:8ba9:3c8e:4c7c]:33862","[b9fe:3630:1807:826:a4a6:e5d2:532c:bdc8]:43617","[25b5:5b72:2ecc:193c:b61e:329:81c6:5af6]:39854"]','2023-05-05 10:08:17.301597525+02:00','2025-04-03 21:18:57.701435228+02:00',NULL,'node023','[]','100.64.0.14','fd7a:115c:a1e0::e',NULL,NULL);
INSERT INTO nodes VALUES(24,'mkey:1109db54ebd9d9434856deacc7bd48e4b6398bc20bee5848a03961570d0612c3','nodekey:091f831b4c85c72746639611f5048ea7c522cd65a8e8babb00b8d67914a1db0c','discokey:29c076af146813259e9dd97c1771cf6d47e6e4968d92b521fcc9305790025084','laptop-94',1,'authkey',25,'0001-01-01 00:00:00+00:00','{"fake":"data"}','["219.227.129.151:59871","44.14.163.233:8010","[dc07:21d7:4b8b:9784:c4c8:bd7b:122a:a5f6]:19866"]','2023-08-14 18:15:34.292188686+02:00','2025-05-13 13:12:57.458459972+02:00',NULL,'node024','[]','100.64.0.15','fd7a:115c:a1e0::f',NULL,'2025-05-13 13:12:57.458382646+02:00');
INSERT INTO nodes VALUES(25,'mkey:8d6fa35951ea76da6a6d85bb63eebf72dbf8e803aecb33a7cc8fada2206ba28c','nodekey:1606dda0995e7b12da0367027e8e1af41c2bc9a086151de09ada9ac833540022','discokey:5d66a541c0458f9178ed892cc57435f8e456722ab5c5b387887c7b3dbffde867','email-53',1,'authkey',26,'0001-01-01 00:00:00+00:00','{"fake":"data"}','["210.72.228.199:14674","101.172.44.176:5878","[c018:a17d:2177:f7b8:482d:b68b:9b7a:c3f4]:52482","[99d:8ae6:556e:9e4a:b721:e12f:cec4:d571]:25093"]','2023-08-29 08:30:45.518580154+02:00','2025-06-27 06:44:54.325931948+02:00',NULL,'node025','[]','100.64.0.16','fd7a:115c:a1e0::10',NULL,'2025-06-27 06:44:53.144614504+02:00');
INSERT INTO nodes VALUES(26,'mkey:94b81dd1a9a0e1d42764099b075c4efa024bd0fbc0a9fc0c3cde7025c4d5a9a5','nodekey:b357796714da554353fc1db9d93898f6767d1f90908c3010c1743f15459d008f','discokey:c03304b111c7a01896bf3a8726a618d33981f8accf52b92d18b5e45f5896fadc','web-27',1,'authkey',27,'0001-01-01 00:00:00+00:00','{"fake":"data"}','["62.26.91.22:45257","37.207.25.123:5981","[5b20:30d9:10ce:eafd:90f2:bf34:b3e8:fedb]:18638","20.120.13.221:18287"]','2023-11-03 18:53:48.108033118+01:00','2025-06-28 12:21:15.876418767+02:00',NULL,'node026','[]','100.64.0.17','fd7a:115c:a1e0::11',NULL,'2025-06-28 12:21:15.875770984+02:00');
INSERT INTO nodes VALUES(29,'mkey:5a805e2dceef2becc9d1fa1f2ae9854fd6e773570d808956b7eb8df88acf2795','nodekey:9eabd54bb541ec1ed45c2baa516d0a15011636079d750f3d36f6e570d9f0f6b3','discokey:132c6950659404dc4c4583ef60d6a5809486b0d47a2828c093a6d12c7ea61b1d','web-93',1,'authkey',NULL,'0001-01-01 00:00:00+00:00','{"fake":"data"}','["39.206.106.178:64472","[a3b:5db7:67ad:9dfa:1b70:91c6:15ae:e5ad]:26117","[fac8:c08b:4b48:8273:42ed:d152:8301:66c4]:15174","67.172.102.32:57252","85.212.234.244:43593"]','2024-06-02 09:46:39.307697473+02:00','2025-06-28 05:47:36.860000326+02:00',NULL,'node029','[]','100.64.0.19','fd7a:115c:a1e0::13',NULL,'2025-06-28 05:47:36.859751546+02:00');
INSERT INTO nodes VALUES(30,'mkey:1e4d9c9b335bc18582f57648b44139b4c263b22ca46e4bb7b6d95745e17d9c4d','nodekey:334930dbc0b41f2ad56ffaaa7fb320379f97deddd1b6395fce9033b64446eb63','discokey:d28e8e4fda1139832bb9203d623ab9accab1bb64690a495c1cdf96b6fe822f62','web-35',1,'authkey',30,'0001-01-01 00:00:00+00:00','{"fake":"data"}','["216.16.62.70:35569","213.115.82.246:7596","195.216.27.246:54466","[c47f:35c9:41fe:6f5:a40d:3e8b:6679:411e]:12963"]','2024-07-29 14:24:27.684620193+02:00','2025-06-27 06:44:54.03534083+02:00',NULL,'node030','[]','100.64.0.12','fd7a:115c:a1e0::c',NULL,'2025-06-27 06:44:53.247773264+02:00');
INSERT INTO nodes VALUES(31,'mkey:6ddb2155e63e4641d21add6e086675e22c209566578f70866c7de59006859ece','nodekey:85fe5b9f1f6cac554c527a85dad9a490a2962eaec8e4727537769433a5a01c14','discokey:d3bb4ec681d8d0230a71e2e01cf871c67c814a8125a4c6247ad6885de3980ee8','db-75',1,'authkey',31,'0001-01-01 00:00:00+00:00','{"fake":"data"}','["[ee98:8de3:1f5b:731c:751b:ba46:a4a7:8760]:23245","[6eb3:8c34:e6c9:4c6a:25c9:89ca:c165:354e]:65112","[7003:63bb:6429:d463:96a6:990:2bdc:217d]:4300","[d820:584e:2b46:6915:6420:3056:f76:9e33]:48885"]','2024-08-07 20:35:12.944541318+02:00','2025-06-28 12:22:15.988053559+02:00',NULL,'node031','[]','100.64.0.20','fd7a:115c:a1e0::14','["10.154.123.128/25","10.128.0.0/10","192.168.246.0/23","192.168.150.0/25","172.16.0.0/13","172.16.224.0/19","10.23.224.0/24","10.0.0.0/8","10.127.59.140/30","172.24.0.0/13","172.31.132.0/22","192.168.64.0/19","192.168.56.0/24","192.168.224.0/19"]','2025-06-28 12:22:15.98744456+02:00');
INSERT INTO nodes VALUES(32,'mkey:ce4d4da08c077577b78b78a4e914507d2026e96b8584921850ea3e7dd8c0084f','nodekey:9a20472651960cee39c0f528022860269ef1cd53eab071f4aecce54f80fa874a','discokey:91cca1b79300d8ffe78e37aa02e31673d08cccdeb52aab242207efa3d75d6af0','web-49',1,'cli',NULL,'0001-01-01 00:00:00+00:00','{"fake":"data"}','["[aa0f:320b:3c12:4808:b5c7:510:c4d9:2009]:16605","[f87a:6765:f859:7291:198d:f454:4d4:8f6e]:23352","[5ddf:114:328:db55:fa05:4192:5d30:acc]:9087","86.180.96.120:14053","156.124.91.30:504","189.130.203.73:33525","[9470:53d:a212:874c:c627:32d9:5f15:39a]:61202","188.181.153.153:41358","208.6.130.2:5757","[a47e:177b:a793:d8c4:7191:f01a:4819:fe98]:47998","[9561:5615:b7c5:b2bc:4f65:b1f:a9da:5e0a]:2120"]','2024-10-26 07:18:04.947942936+02:00','2025-06-28 12:27:59.883807194+02:00',NULL,'node032',NULL,'100.64.0.21','fd7a:115c:a1e0::15',NULL,'2025-06-28 12:27:59.883542043+02:00');
INSERT INTO nodes VALUES(33,'mkey:307000af9e5b5c7efee75c3ed7d23090866a9e43955e23aac2dae50b46073c1e','nodekey:b18bd32bbd3bd77d274dea94361272cf171f407989ea6553b40acbd1fb571706','discokey:73e11d3631b882516e5fcd41d6a95f44e15c7322c8428215bc19aff366574a35','desktop-05',7,'cli',NULL,NULL,'{"fake":"data"}','["81.68.14.120:23633","39.210.11.46:40333","96.70.183.102:16729","[b2ef:7817:aea4:73a1:6391:d75b:b4ce:f0b3]:36420","[747d:f46b:96f0:f467:e625:3462:a216:ad48]:4718","124.57.193.30:26578","[e11c:edd3:59b3:c56b:a8b8:ccb9:1716:ceda]:61482","[ef1b:9f1d:9db1:6734:ba55:756d:3d3b:80a6]:30155"]','2025-02-23 07:59:15.141530181+01:00','2025-06-27 22:01:05.602056574+02:00',NULL,'node033',NULL,'100.64.0.11','fd7a:115c:a1e0::b','["172.19.0.0/16","192.168.18.48/31","10.192.0.0/13","172.20.0.0/16","172.28.162.48/29","10.175.189.32/27"]','2025-06-27 22:01:05.601785141+02:00');
INSERT INTO nodes VALUES(34,'mkey:bdd5a76f6d7f946c4bb9454abe28e7d2d212df3c451c9d068c2985649d193f83','nodekey:f8ed0148a1314428adef803acb6eaf864d1513e3388eaaeb92b7e6a2cd7bdc12','discokey:634d6b49a81f9443ce9a97b04b64c962c6707c182d85c9cdc59abd4a16c6de19','db-92',9,'cli',NULL,NULL,'{"fake":"data"}','["111.62.89.28:35728","150.196.197.67:64757","114.51.87.168:47070","[a4ce:7387:d7b4:514e:c1be:706c:1812:f866]:48356","[167f:1873:3939:734:49cc:5627:6f93:e1c7]:31097","192.35.174.224:36261","137.15.122.25:55742","[c9cc:ff0f:fbb6:e583:c69:78fa:a307:4bd2]:3181","185.20.86.11:20604","[e220:9785:d01f:28d5:1e97:4df0:2443:cc0e]:46902","[6152:ea90:3c89:e905:5201:32df:a4d3:b4bc]:41319","[20e3:1e48:26a7:5c2a:8eaf:1f7c:f36d:6a38]:22275","[73a6:792f:7678:4806:c617:d54e:2e74:862e]:25300","[f626:b8e5:f3c8:9d1d:3f91:a752:5cd5:57c4]:35608"]','2025-03-09 11:42:30.627548688+01:00','2025-05-05 10:22:29.0194247+02:00',NULL,'node034',NULL,'100.64.0.18','fd7a:115c:a1e0::12',NULL,NULL);
INSERT INTO nodes VALUES(35,'mkey:bee84dff5b07ea34d3ca9d7bc3824a4226f725e7f7fe33f879f11af907e73670','nodekey:f022dec5a44c0f09e359106d9f7ffebcfa21bb74103f16c7072e994e8a3094a8','discokey:b24e98fb8f6951bb8c4c081bb7fa326b8bf7f43181b160c0b8555deeeb55924f','lt-42',9,'cli',NULL,NULL,'{"fake":"data"}','["150.171.114.186:31321","147.156.202.29:42507","[b262:bff9:607:762e:cf05:3029:1988:9095]:14244","[8083:6d41:4186:7a48:2933:1fb1:3285:8dcf]:42595"]','2025-03-09 12:06:19.756893731+01:00','2025-04-07 13:08:46.652035521+02:00',NULL,'node035',NULL,'100.64.0.22','fd7a:115c:a1e0::16',NULL,NULL);
CREATE UNIQUE INDEX `idx_api_keys_prefix` ON `api_keys`(`prefix`);
CREATE INDEX `idx_policies_deleted_at` ON `policies`(`deleted_at`);
CREATE INDEX `idx_users_deleted_at` ON `users`(`deleted_at`);
COMMIT;
