PRAGMA foreign_keys=OFF;
BEGIN TRANSACTION;
CREATE TABLE `migrations` (`id` text,PRIMARY KEY (`id`));
INSERT INTO migrations VALUES('202312101416');
INSERT INTO migrations VALUES('202312101430');
INSERT INTO migrations VALUES('202402151347');
INSERT INTO migrations VALUES('2024041121742');
INSERT INTO migrations VALUES('202406021630');
INSERT INTO migrations VALUES('202409271400');
INSERT INTO migrations VALUES('202407191627');
INSERT INTO migrations VALUES('202408181235');
INSERT INTO migrations VALUES('202501221827');
CREATE TABLE IF NOT EXISTS "pre_auth_keys"  (`id` integer,`key` text,`user_id` integer,`reusable` numeric,`ephemeral` numeric DEFAULT false,`used` numeric DEFAULT false,`created_at` datetime,`expiration` datetime, `tags` text,PRIMARY KEY (`id`),CONSTRAINT `fk_pre_auth_keys_user` FOREIGN KEY (`user_id`) REFERENCES `users`(`id`) ON DELETE CASCADE);
INSERT INTO pre_auth_keys VALUES(1,'463a8b372963aeaca12400faa0c7ea29e9bfa3b4c59e9622',3,0,0,1,'2023-05-19 05:09:19.66636462+00:00','2023-05-19 05:14:19.664224869+00:00',NULL);
INSERT INTO pre_auth_keys VALUES(2,'77a019cb12c0d0b9347a17ab23fa4c87983814fe36bb2fbb',14,0,0,0,'2024-05-03 08:13:55.8614948+00:00','2024-05-04 08:13:55.85782156+00:00',NULL);
CREATE TABLE IF NOT EXISTS "api_keys"  (`id` integer,`prefix` text UNIQUE,`hash` blob,`created_at` datetime,`expiration` datetime,`last_seen` datetime,PRIMARY KEY (`id`));
CREATE TABLE IF NOT EXISTS "nodes"  (`id` integer,`machine_key` text,`node_key` text,`disco_key` text,`hostname` text,`given_name` varchar(63),`user_id` integer,`register_method` text,`forced_tags` text,`auth_key_id` integer,`last_seen` datetime,`expiry` datetime,`host_info` text,`endpoints` text,`created_at` datetime,`updated_at` datetime,`deleted_at` datetime,`ipv4` text,`ipv6` text,PRIMARY KEY (`id`),CONSTRAINT `fk_nodes_user` FOREIGN KEY (`user_id`) REFERENCES `users`(`id`) ON DELETE CASCADE,CONSTRAINT `fk_nodes_auth_key` FOREIGN KEY (`auth_key_id`) REFERENCES `pre_auth_keys`(`id`) ON DELETE SET NULL);
INSERT INTO nodes VALUES(1,'mkey:0ea01e8cd608548a171ebcedc16da73b25ec18d58861be7a6b4274eb17baf6ba','nodekey:0fcf591dc1997c1d7388a3835bd24dae48240e5b03b6a7f5f33b2e813d222bcf','discokey:ed27f0b3c04222f0d05bfbc6fb5787338275ed0e32fd42fe68c669aca0f3d7a4','desktop-54','node001',2,'cli',NULL,NULL,'2025-01-30 19:50:45.306207411+01:00','0001-01-01 00:00:00+00:00','{"fake":"data"}','["[b8f0:cf44:22c8:82d1:f79:c3eb:9144:c24f]:6142","[8e25:af1:e31a:8fcc:7dcf:be1:a3c9:ed6a]:38766","[37a1:215f:bf3d:3fb1:6399:f7cb:4048:3ca8]:51666","137.242.125.72:25376"]','2023-05-17 19:38:13.531518257+02:00','2025-01-30 19:50:45.306340015+01:00',NULL,'100.64.0.1','fd7a:115c:a1e0::1');
INSERT INTO nodes VALUES(2,'mkey:1e274f40556282a5bbab04b6754985233ccdf971b663e5b38fc027035e833e9a','nodekey:5b16c7e14191ca2e57eccd86ec636db605fa5dc2c8856be5fa7f9b087cf24890','discokey:5fd2f116700fd48ce06e35e8dd11c847ccd7694e01ec4b3f6ef25f67c14ee197','email-21','node002',1,'cli',NULL,NULL,'2025-02-05 17:24:25.870524261+01:00','0001-01-01 00:00:00+00:00','{"fake":"data"}','["[5aae:55d1:7b5d:628d:bc07:b3e0:eca2:836d]:13912","[5583:8a0e:1564:ac5b:98ab:59a3:126:cba2]:35537","84.23.188.83:48876","44.184.117.89:36643","90.223.136.253:7056","[e43c:be7:7f4e:8217:a009:7f9d:a510:1af6]:18872","[3a86:865b:2f4c:f3b7:88a0:4aa2:f05d:c3fd]:47680","86.50.30.30:18216"]','2023-05-18 10:09:21.757289398+02:00','2025-02-05 17:24:25.870620505+01:00',NULL,'100.64.0.2','fd7a:115c:a1e0::2');
INSERT INTO nodes VALUES(3,'mkey:4405716e66f6a07a8fea90183cb078a8b87108aef23965b1c65f51375f3882d3','nodekey:96f979ded4cf1a02655d0b9069fb14e04d2da09c182624313acccf8c7f6b67a4','discokey:f0f4a89d7893303e1a336c9838c9a55b36a5215da006fccb72c237a794f4c5ea','email-51','node003',3,'authkey','[]',1,'2025-02-01 06:03:00.282713364+01:00','0001-01-01 00:00:00+00:00','{"fake":"data"}','["[7cd1:a579:7ddd:ed37:5f70:5783:8e09:1968]:5323","110.83.0.14:9543"]','2023-05-19 07:09:21.399903526+02:00','2025-02-01 06:03:00.284151738+01:00',NULL,'100.64.0.3','fd7a:115c:a1e0::3');
INSERT INTO nodes VALUES(4,'mkey:9cd192ff56bc94ec9439083852bb541469d6725e6cda7a2aa624df6e8c8c380d','nodekey:ac53dbdd1bb1c2a36a1dde021e8f5f33d2cf01ef2892fe74853e945b9a08fda3','discokey:57cae29ceafb73857b478955a77927ff5bd8f38c313a869be093f92c6f6303da','email-15','node004',4,'cli',NULL,NULL,'2025-02-05 18:08:25.40794648+01:00','0001-01-01 00:00:00+00:00','{"fake":"data"}','["[2421:d8be:14:6b5f:7fe:56a8:54b6:8d58]:25207","[20b0:e4f:96fd:1cf3:5d39:ad75:6b8e:d0ce]:51455"]','2023-06-10 09:31:51.940506933+02:00','2025-02-05 18:08:25.408568806+01:00',NULL,'100.64.0.4','fd7a:115c:a1e0::4');
INSERT INTO nodes VALUES(5,'mkey:7f9c690aab22d9db060086ea375d86924359210816ad562dab2db804ad3434c0','nodekey:88fe0bcd504fd98c35a71484820dbf7b91c1704b9d29c0c7950ce5ab06ef2d17','discokey:fbaef49f1a2c61469168a9e81ee6c5bd49a777048288975a22c0f253aa14e2e3','web-24','node005',4,'cli',NULL,NULL,'2025-02-05 18:06:41.054161543+01:00','0001-01-01 00:00:00+00:00','{"fake":"data"}','["186.84.191.82:2621","[c9d0:4e15:513a:171b:9911:f9a0:cccf:cd83]:24151","66.84.158.199:63451","47.94.115.240:6677","19.74.30.92:1284"]','2023-06-11 13:56:42.694329408+02:00','2025-02-05 18:06:41.054829684+01:00',NULL,'100.64.0.5','fd7a:115c:a1e0::5');
INSERT INTO nodes VALUES(6,'mkey:00e154160e4bd8db73f2707c7a5b2f0bae04f3e26427a1aca5b0dcf2dcc1872f','nodekey:4f61b1414dd622304d407a7b4812640f774247f0c3d369a2292e3f4e88383c17','discokey:1028826beface553dd6ea7e553cc63ca59fd529716cb639981d1aa2965ed8885','laptop-48','node006',4,'cli',NULL,NULL,'2025-02-05 18:07:48.852563038+01:00','0001-01-01 00:00:00+00:00','{"fake":"data"}','["220.204.45.94:59135","187.96.173.136:34092","[fece:76ed:4c23:1e89:f225:97a1:94be:b5c4]:33472","[e1e6:a14:535a:668b:698:f125:543f:b5b7]:31740","[b8e3:18de:5ece:3e24:8bbf:1cbd:d27c:7de]:53522"]','2023-06-11 13:57:44.975695604+02:00','2025-02-05 18:07:48.869613078+01:00',NULL,'100.64.0.6','fd7a:115c:a1e0::6');
INSERT INTO nodes VALUES(7,'mkey:69a5389410061b4c336c1f337ae3ccca903f729ff249b6f1e556dcb9d9a3b7eb','nodekey:54c0d87c263afc07b7a3bb5569f8d6b67c58fecdcabefcbe7b8057e91e573a31','discokey:765930463b973ddead698512fe882cbe5e13885d14d44808596600efbcf5303f','db-22','node007',4,'cli',NULL,NULL,'2025-02-05 18:08:07.927513966+01:00','0001-01-01 00:00:00+00:00','{"fake":"data"}','["[9b54:61a6:c678:edac:956f:741e:5e2c:9ec9]:17930","[cd3f:af1c:fcb4:bcb3:806e:adf4:3f3f:ab36]:58513","[7a83:6a84:9f15:ba1a:9671:3d54:2e31:d5e9]:64893","167.223.65.194:6907","[debd:ad2f:ae50:cd14:9cd2:b297:bb94:d03c]:24266","[489b:6c59:1877:6215:ddc8:57f8:78dc:321c]:3025"]','2023-06-11 14:16:56.951313537+02:00','2025-02-05 18:08:07.927964234+01:00',NULL,'100.64.0.7','fd7a:115c:a1e0::7');
INSERT INTO nodes VALUES(8,'mkey:3fa0a7da3e9f0eecb11b442d911620b629981f5eb3f4ee851256a55b7252a1e7','nodekey:1912a3b843ba973c55b449fb0e1e01faff114b440e7bd1ca8b9af3be0cc56762','discokey:0d4f62fb22a9ab554a8983123cc118ec17b9d47c97d1d84bf082c90f82fe267b','lt-35','node008',5,'cli',NULL,NULL,'2025-02-05 18:07:59.389906976+01:00','0001-01-01 00:00:00+00:00','{"fake":"data"}','["124.104.237.237:47957","[b9f9:eec0:d656:cd83:8595:46fc:b677:6ade]:17494","126.251.133.86:44347"]','2023-06-11 19:59:30.401970393+02:00','2025-02-05 18:07:59.390393378+01:00',NULL,'100.64.0.8','fd7a:115c:a1e0::8');
INSERT INTO nodes VALUES(9,'mkey:dc84e5b1cf58ec8f7200ec0a655c1d5843c520ea59aa7ddd111ad5c9beba9bd8','nodekey:3c06f5a6d7f267023044ab632892b51f5af1ce4d84f0739e88823bc22cda6c57','discokey:3c1aa008a7811012038cd6658b6f290b3d252074c47d23cf1766f878340a30bf','desktop-75','node009',6,'cli',NULL,NULL,'2025-01-31 13:55:16.93378169+01:00','0001-01-01 00:00:00+00:00','{"fake":"data"}','["187.166.20.165:11208","78.47.168.253:34957"]','2023-06-17 19:40:45.468789461+02:00','2025-01-31 13:55:16.976650183+01:00',NULL,'100.64.0.9','fd7a:115c:a1e0::9');
INSERT INTO nodes VALUES(10,'mkey:2325e928fb41b3a3815b7635223411100ba10eba8ea1b442838b40da35379ec9','nodekey:8654f75dc553fbb381f57fd3f8669b5c2572f65d97989d0a69c3b294bb8cc685','discokey:24037160babf3208537006968c9f47ec3e689b1873796a787eaa44fa95afd986','desktop-46','node010',6,'cli',NULL,NULL,'2025-02-05 15:46:53.720788609+01:00','0001-01-01 00:00:00+00:00','{"fake":"data"}','["[97a8:bbb7:9bb9:aa2b:e449:4d57:4a65:3561]:17392","151.97.159.85:8120","[69bc:fe73:f6c7:31b2:bc4f:1a95:4676:201d]:4806","[d794:c918:b0e8:6023:d7cd:709:79eb:23f7]:56801","113.147.88.203:61138"]','2023-06-20 11:18:35.905417341+02:00','2025-02-05 15:46:53.721181098+01:00',NULL,'100.64.0.10','fd7a:115c:a1e0::a');
INSERT INTO nodes VALUES(11,'mkey:4fb69f4bf77b8159e4814764398e6cd3bf2067b3fd4eda0eacc443ec299fcde2','nodekey:cebae8af02150eeb54b67f2cadc33dda38a98c94cfec05c1f378bf130007e946','discokey:fd5c9fefc960538a070c2bddafd53c3f890c561e02b62218e4aa8e6ae38cbe4f','email-12','node011',7,'cli',NULL,NULL,'2025-02-05 15:58:04.837157467+01:00','0001-01-01 00:00:00+00:00','{"fake":"data"}','["[d86:4301:d7d:7706:8b4a:86bf:19cd:1d6]:55529","151.169.147.218:56573","[9e9e:2802:ebb9:ba03:a564:7999:7137:65e3]:52919","[ede2:462a:f99c:24c3:b1b5:8b97:abe2:3ddb]:65141","[dfe7:6f6b:a382:4fc:a3f6:eb9:9ebc:5798]:1474"]','2023-06-20 11:35:15.063855316+02:00','2025-02-05 15:58:04.83726028+01:00',NULL,'100.64.0.11','fd7a:115c:a1e0::b');
INSERT INTO nodes VALUES(12,'mkey:5e192b1b323439fcc3b921c4f523ce9b7cce867220bd092d23be2451ce93a4a5','nodekey:1452cb2c8f26c8988cd8d8ed42957c78e3ab922bdf9773978c853e4254e23fbb','discokey:b7b41dc5de1fdcc4bd609dc72f79d27269367dbf72ab73ab61e998aa31eac6a2','web-19','node012',5,'cli',NULL,NULL,'2025-02-05 18:07:24.629305293+01:00','0001-01-01 00:00:00+00:00','{"fake":"data"}','["60.5.210.145:1193","[5698:e318:b38c:4331:5152:c2df:743f:8ead]:34839","33.51.84.119:46756"]','2023-06-20 18:22:35.061914624+02:00','2025-02-05 18:07:24.630116588+01:00',NULL,'100.64.0.12','fd7a:115c:a1e0::c');
INSERT INTO nodes VALUES(18,'mkey:f11332335d9f1f9d4bfc8cf9bf4edc0c958d4e4364b7dcde3c67d847f7d05edb','nodekey:e97d97a2751ef3533818907c9f24acf3270e3824f2294bb9a36d60ca196e161e','discokey:412b0eee00b68721d9169fc81039b9cda6cf57143e4cae8f7c417db15b83411a','web-18','node018',9,'cli',NULL,NULL,'2025-02-05 10:23:02.664643604+01:00','0001-01-01 00:00:00+00:00','{"fake":"data"}','["[2acf:3f32:1763:5d21:88a:4af:8779:1b1d]:36283","84.177.251.38:32968","[3138:83c6:ae09:a073:7888:71e0:494:3863]:59700","191.156.96.176:5489"]','2023-06-22 08:30:54.08720463+02:00','2025-02-05 10:23:02.664955259+01:00',NULL,'100.64.0.16','fd7a:115c:a1e0::10');
INSERT INTO nodes VALUES(19,'mkey:157706346bfe3502b6e24a84efa59b1a151be08f5a260ff96c72a734c1da1390','nodekey:139a99de286f52c55bdd61e932827c9d7cb84101a698df3576bdffbeedbf654d','discokey:293abc1a1cf2921e7961f5753cc39097956648bab47879791afb12ea03a4e6dd','lt-42','node019',10,'cli','null',NULL,'2024-08-07 09:35:12.220368767+00:00','0001-01-01 00:00:00+00:00','{"fake":"data"}','["[ce0f:9f05:96dc:a47d:edcd:1c25:f578:7551]:30363","[cc06:9c56:919a:2341:4ef7:7f28:c8ca:2a5c]:30788"]','2023-07-03 15:18:03.829428454+02:00','2024-09-18 16:15:14.037990869+02:00',NULL,'100.64.0.13','fd7a:115c:a1e0::d');
INSERT INTO nodes VALUES(20,'mkey:e4713082f1a4d5e2f5ca126b95eedc7ce673782a871afde980a74aa98e31273a','nodekey:3957decaff55af98415799c81e6cec28edc377d6e2a9ddca3c909c26bcffd45b','discokey:9e8360b263f67dc8d5dea9d37f023ebbbb8882f265f6ca43f5923194d7931609','db-08','node020',11,'cli',NULL,NULL,'2025-02-05 08:11:36.462419884+01:00','0001-01-01 00:00:00+00:00','{"fake":"data"}','["[4692:f8a0:842b:c26a:e549:1f3b:6795:964e]:31064","207.187.74.99:12216","63.3.67.150:22907","[77ac:562:7c4c:438a:6ec:be48:743d:47b1]:11349","[33cd:731c:f110:9b45:66b5:de81:1daa:757f]:5997"]','2023-07-10 12:40:34.838579199+02:00','2025-02-05 08:11:36.462522474+01:00',NULL,'100.64.0.14','fd7a:115c:a1e0::e');
INSERT INTO nodes VALUES(21,'mkey:2894a7babdc030bac1e4ec0e14aa4b6b67ebe382a1773e0ff4aa8b16ecd443a3','nodekey:1e219f3cc03eaa868018b9f6870d108317c31760fdc38ad4bec7200d58379f26','discokey:a81e998383baa23adb3e1e6757ef0c4b960095022f00b500b57f53c6147c71e4','laptop-48','node021',11,'cli','null',NULL,'2023-11-20 07:19:19.447470862+00:00','0001-01-01 00:00:00+00:00','{"fake":"data"}','["[736d:a0a:e343:6b2c:b48b:7510:ace2:edc]:60377","82.193.154.129:23713","[68:80fa:7b30:3a0:d1fb:3e89:2c73:256b]:30308","[ad42:3917:5edb:3e85:732:1c71:a19e:9fe0]:11799"]','2023-07-10 12:42:43.290469734+02:00','2024-09-18 16:15:14.03886353+02:00',NULL,'100.64.0.15','fd7a:115c:a1e0::f');
INSERT INTO nodes VALUES(22,'mkey:9ab69494a274cba5b22cbcf35b3ada57d4b3d2ee03930a456f80fb34dc69064b','nodekey:0345912b4e39cd9d03dec55edec6fba7f8aca631312884b49538550475332182','discokey:a2c1be2ae50af07e5b96b0a3ee2d3a1b0148fbfc5c1a283bc787e31410d6f74c','web-51','node022',6,'cli',NULL,NULL,'2025-01-31 13:55:08.655562681+01:00','0001-01-01 00:00:00+00:00','{"fake":"data"}','["9.237.225.227:64622","[46a1:e1e6:6b82:6599:acc7:2273:afea:f09f]:38018","93.129.193.97:13477","184.41.32.72:1026"]','2023-08-05 12:08:48.132161695+02:00','2025-01-31 13:55:08.655891626+01:00',NULL,'100.64.0.17','fd7a:115c:a1e0::11');
INSERT INTO nodes VALUES(23,'mkey:d1b90c1c72090d082067c2dfbf287f26510b58519bbc5113f1ca63ad3ef20b96','nodekey:2d0d6f2300d295c8f91d0b954d733a2f8c4106595070d3efc6eb709df09591f6','discokey:87ef4543866a337716d7d5021346b82bbbd1aab14c36deadf96b4c38718e8cd1','srv-45','node023',12,'cli','null',NULL,'2024-12-07 19:25:56.935152754+01:00','0001-01-01 00:00:00+00:00','{"fake":"data"}','["[79e6:8519:803b:6054:5c13:9069:8dfa:1dcd]:45055","30.154.162.65:53795","21.107.170.69:30767","212.18.227.41:50735","[f774:e89b:980f:975d:fd3e:93f:a9b5:2034]:46054"]','2023-12-15 08:05:56.592241745+01:00','2024-12-07 19:25:56.935317645+01:00',NULL,'100.64.0.18','fd7a:115c:a1e0::12');
INSERT INTO nodes VALUES(24,'mkey:f10b7f9f385e48dc99ec0944b8a04ec4d3e5613587419c134440121fa747ee75','nodekey:9559349d25dd3fa88b9595cb4ccebeeb4712338757a209e936afe37ec2643dbc','discokey:b9a07315c1eb2e074871feebe899bd2ecae64d98a8edf08883785130ef386728','laptop-25','node024',12,'cli',NULL,NULL,'2025-02-04 22:10:50.44476731+01:00','0001-01-01 00:00:00+00:00','{"fake":"data"}','["[9e60:1bb7:b542:2f50:269f:5ef:72b6:f4ba]:34677","159.52.2.200:7205","[5b7b:e424:ea77:aa8a:f835:d6bb:2e1f:52ea]:19152","[bb06:d322:7cec:426b:ef38:55d0:e7ce:95bc]:31597","[320d:6314:eaa2:a098:8594:977d:27b:8442]:12827"]','2023-12-15 11:14:36.765183054+01:00','2025-02-04 22:10:50.444923245+01:00',NULL,'100.64.0.19','fd7a:115c:a1e0::13');
INSERT INTO nodes VALUES(25,'mkey:84784f348b4e879e87986ef13b6f02ddef91639cd7de65540903cd846f93e1f2','nodekey:c15dc98ef47cf6f5dd52f59c22b3b6b0d8536ea5d248787a0145b45e6598cff6','discokey:c14e1be497f1423b4f4aa799f8ee907307eec987a1c3f7e32d4adf215fa731c6','srv-70','node025',6,'cli',NULL,NULL,'2025-02-05 18:05:52.512447937+01:00','0001-01-01 00:00:00+00:00','{"fake":"data"}','["[23d7:1ab8:8bd1:10f3:a4f7:bd70:7803:773d]:50718","[3200:76c9:dca8:d60:e5d6:868e:a264:3efa]:33138","[975a:978:5cfb:5e5a:1b6:d272:a1c1:50dd]:3245","[e6e4:7cfc:9ce:b47:62f5:b64e:d2e4:9015]:42369"]','2024-01-05 17:32:40.940566279+01:00','2025-02-05 18:05:52.557755672+01:00',NULL,'100.64.0.20','fd7a:115c:a1e0::14');
INSERT INTO nodes VALUES(26,'mkey:dba47da985e4770a27031261b989e24ddd437983652bd1f96cc520ed78c5fc0c','nodekey:3c36d35f3e9ec98b36741e5973d8f5542fd82503a1752ad9e20545fb6be984bc','discokey:b30567e26d2fae861e566c4081179d8c72f9e659521dd7e6afecb3fbaaeae63a','db-02','node026',6,'cli',NULL,NULL,'2025-02-05 18:04:25.764764072+01:00','0001-01-01 00:00:00+00:00','{"fake":"data"}','["192.175.239.121:921","98.153.121.140:5003","208.68.161.128:56198","163.42.128.241:47535","49.160.22.202:42427","[1526:e34a:8857:394e:bbe0:c043:4b37:68d4]:5245","32.31.195.128:7039","[c50a:ec:e2e:e109:3a08:f56b:2928:4921]:61265","221.147.144.138:44737","136.208.142.64:41091"]','2024-01-05 17:34:19.811670479+01:00','2025-02-05 18:04:25.765166307+01:00',NULL,'100.64.0.21','fd7a:115c:a1e0::15');
INSERT INTO nodes VALUES(27,'mkey:73868242348c7d709b77f52963c32eb4b95c8b6f89abb5db76bd95cdaaa538b7','nodekey:2de3f421f78de3f5cfd824ffaa80cf3fde3060bc42f51c2ee2f55b49fd5fbe20','discokey:5ff3b0ad430ee5530c972ecf0d3e69f25eecdadf6ef8a309b3841d7aaa6f70d4','web-56','node027',6,'cli','null',NULL,'2024-01-16 14:32:21.570104175+00:00','0001-01-01 00:00:00+00:00','{"fake":"data"}','["[a2b8:ea55:f9e3:2c00:f423:8c56:7fec:c617]:53793","[ed88:2277:3c9a:4f64:a25e:5b41:a3ca:e904]:27852","[d203:40a2:5efc:4a42:8910:81f8:59c6:4d8d]:23389","187.126.162.12:25054","[5d8b:9391:47f1:1bbc:e01:92de:4a90:7614]:42410","172.81.188.131:23453"]','2024-01-05 17:48:25.466030859+01:00','2024-09-18 16:15:14.040766068+02:00',NULL,'100.64.0.22','fd7a:115c:a1e0::16');
INSERT INTO nodes VALUES(28,'mkey:300a566a21fcaab2665dc091300e2c5110dcaee25e2fcc4cc23b011fdae471e6','nodekey:8e36531b406e0b7b9c1b9abadc00626ccc8c6e7a0c37f70f42ccf06cd2dd03fa','discokey:a4134738054f6fc0c57b6eb47913e68a3f47ffb81af8a3496754921c2fcb02f8','laptop-98','node028',7,'cli',NULL,NULL,'2025-02-05 17:14:09.968775535+01:00','0001-01-01 00:00:00+00:00','{"fake":"data"}','["113.143.9.36:55432","[e266:66fe:4929:3831:7830:6f10:1572:20df]:9977","[afe5:7d57:fac5:a1c5:78d4:ee33:d474:1e56]:52223","7.208.95.117:299"]','2024-01-15 09:34:54.847632697+01:00','2025-02-05 17:14:09.968981413+01:00',NULL,'100.64.0.23','fd7a:115c:a1e0::17');
INSERT INTO nodes VALUES(29,'mkey:6d3edcfd40971c25174fa55eeddf76d05447d7d28f216c6118d8d6e35aa1ae89','nodekey:4b7d7ef564535f114a410c384aa3eb95103b5895cfd74962c7d37d3a8b0bb6ed','discokey:569e08cefcaec4d1312b70c41c12d82b26712965cbab41ac3ca5db857274ba46','web-76','node029',7,'cli',NULL,NULL,'2025-02-05 16:04:20.309612735+01:00','0001-01-01 00:00:00+00:00','{"fake":"data"}','["[24c5:f1ec:38a5:5a2d:7224:b76b:cd04:e6d2]:63943","162.176.178.140:46577","[4f52:1708:c0a:7991:9c16:bd7d:4045:195d]:50362","[fd0d:f112:f642:c343:ac14:8ede:dc04:e2d9]:58412"]','2024-01-15 15:18:12.2871978+01:00','2025-02-05 16:04:20.309824144+01:00',NULL,'100.64.0.24','fd7a:115c:a1e0::18');
INSERT INTO nodes VALUES(30,'mkey:edae4836dee6e165a4201e0d106fe5db539aaefd4fa95e6f660cb16457bab645','nodekey:59e8b5e492cdce7b05498db07e621fd6f326f8a6141751bfda409b2e1e5e56de','discokey:bb6fff0c0615c5aeb083d7175b6838f6c2cd22634ff3717cd227063709e243c6','laptop-44','node030',7,'cli','null',NULL,'2024-02-05 12:14:40.065688294+00:00','0001-01-01 00:00:00+00:00','{"fake":"data"}','["[c204:d59b:29a8:ac18:75bc:1a4a:755e:a8f2]:26579","35.41.214.64:38835","143.202.189.84:43171","[8679:8c46:1c66:cd1e:95f8:2b0a:503c:819b]:57389","107.115.138.42:41616"]','2024-01-15 15:21:43.217136004+01:00','2024-09-18 16:15:14.041757308+02:00',NULL,'100.64.0.25','fd7a:115c:a1e0::19');
INSERT INTO nodes VALUES(31,'mkey:fbebb2c69f263a519c8902463ef9c7db0597109fae5730a222f1c6567278bc86','nodekey:d83666c0acac1a9cd306cb884a1ce24adaabbc2102eb553ef5514ac5ea1714cf','discokey:6f4280bcb38ac995d22543db32230d8f22f2c0a0dc5efe2d86c7361c897ae812','lt-82','node031',7,'cli','null',NULL,'2024-02-22 08:35:27.098819037+00:00','0001-01-01 00:00:00+00:00','{"fake":"data"}','["[4327:29dd:a02:fb00:9645:d497:8ffc:4a68]:26342","[5d4a:a2f2:16c7:3d3a:a2b8:2962:30f9:3407]:5279","107.140.203.49:9365","[1660:741a:160:67c9:7972:5f9d:14bd:ee53]:21178"]','2024-01-29 16:05:35.338524634+01:00','2024-09-18 16:15:14.042191514+02:00',NULL,'100.64.0.26','fd7a:115c:a1e0::1a');
INSERT INTO nodes VALUES(32,'mkey:8c468799222af319e17ec309dbbf3a87fb6d924a1cb17e5a0bd7e027fe3bfe5e','nodekey:3c7d82f4a44cfa1469b957ac911e8506a68962fb2583d2afaf3e8a621c0c4aca','discokey:ba179b51f3540e619eaac9a6d4bc67403daa7c3cf28a6b579087cd6d284501b4','lt-53','node032',7,'cli','null',NULL,'2024-04-09 13:59:43.37062537+00:00','0001-01-01 00:00:00+00:00','{"fake":"data"}','["[d21f:d7bc:f690:e3ba:82fe:8122:c33d:5a86]:227","10.67.113.92:45634"]','2024-01-30 10:41:58.31917869+01:00','2024-09-18 16:15:14.042506082+02:00',NULL,'100.64.0.27','fd7a:115c:a1e0::1b');
INSERT INTO nodes VALUES(33,'mkey:be7f190677fd0cd1c5e78b4ae5b02a1738dd60be7d9a41017000b22ae9636af4','nodekey:a404e578d3edd3e3d879e9f1946c859b5982c59f5e528bf6b987bd55de00b25b','discokey:ad3013f116c370866fc9134b66999bb05e2dc10a8e2944230c3d9893c0a94c67','lt-80','node033',13,'cli',NULL,NULL,'2025-02-03 21:25:19.620235627+01:00','0001-01-01 00:00:00+00:00','{"fake":"data"}','["[af8:f5e8:32f0:75ee:d351:c0e9:78e:93d9]:12624","71.151.27.31:51063","[f0d6:21dc:48f5:63f4:daff:a3c4:7d60:51ea]:17286","[38c5:9551:f6ed:b087:91ba:bef1:771c:273d]:62171"]','2024-02-03 16:33:26.706408143+01:00','2025-02-03 21:25:19.6205373+01:00',NULL,'100.64.0.28','fd7a:115c:a1e0::1c');
INSERT INTO nodes VALUES(34,'mkey:7784df3aabe1ca1edab5270028fb3cae8b66cee2384790d06969d1e6e298520f','nodekey:fd8e939fd6db8caf6623ac3d73c12ade4da110d8c1f29e3a3ee0d2be0c526915','discokey:59aff4582e00d92260e6a90d6d0da3d818fe8f52c081c8b65e18006ef8269ebe','lt-65','node034',13,'cli',NULL,NULL,'2025-02-05 17:49:20.10044606+01:00','0001-01-01 00:00:00+00:00','{"fake":"data"}','["71.155.69.236:8707","125.2.67.155:50785","32.6.80.181:17295"]','2024-02-03 16:42:32.683785672+01:00','2025-02-05 17:49:20.100741067+01:00',NULL,'100.64.0.29','fd7a:115c:a1e0::1d');
INSERT INTO nodes VALUES(35,'mkey:ad3838fa63fb120ae8d3e47d4bb6bb4009e7fc5d91483d1ba7417d0681fd7162','nodekey:b10ddbdcf826d79049d74a7d4ad036b499c86f7daf786bb1a9b295366b57afe8','discokey:618ef629d3bd261964c613ad3bc45e6278fa274d734c8cd2d3396cf8c9742d88','web-33','node035',5,'cli',NULL,NULL,'2025-02-04 17:50:49.267594119+01:00','0001-01-01 00:00:00+00:00','{"fake":"data"}','["169.159.71.157:18240","[bbb7:5b4d:218d:55ff:ac9b:1fb6:c933:9a55]:63943","18.156.132.228:63356"]','2024-02-03 16:51:52.010016072+01:00','2025-02-04 17:50:49.26844864+01:00',NULL,'100.64.0.30','fd7a:115c:a1e0::1e');
INSERT INTO nodes VALUES(36,'mkey:c536a3efc460fb2da4c4775e2b51d0c84f001dc46a4d902429e74e97b2d3c6d4','nodekey:91da2acfa3d7f7c7b0c1a2d952ee527514504fddc504809423762203a16145ab','discokey:989ff5f21d485dcb6312fade38c9047bbde1fbce46bc29ac5f6afe00610ad215','laptop-46','node036',13,'cli','null',NULL,'2025-01-19 14:01:48.956567669+01:00','0001-01-01 00:00:00+00:00','{"fake":"data"}','["[4017:a243:61d0:b302:7860:18f:7d4d:f605]:28633","[e5b8:6c78:ce2f:cf6f:13fb:401f:8223:3f04]:54121","38.137.88.247:35801","[eec2:61c0:e20a:2fa0:5e4d:56a4:5071:881b]:36628","[b8c2:c792:3329:2c93:f94b:a948:7d11:b9f2]:908","[5925:353c:bd9a:f42e:1916:45b4:c170:e515]:18400","[c2a5:cc2f:e2e8:573f:7b01:4aa:8a1a:fd71]:32146"]','2024-02-09 12:34:57.879970954+01:00','2025-01-19 14:01:48.956830267+01:00',NULL,'100.64.0.31','fd7a:115c:a1e0::1f');
INSERT INTO nodes VALUES(37,'mkey:142e67963c9045164df7b33af6d2149d72f59527df44fd75221647281444cbe7','nodekey:a3a2cd2bd0c3a1f783d0391ea1951c5c9226ddca0f18130b77fccff8b874d694','discokey:bdb788f8825b9bd816f37dcea882920382c7feb143edf0a6baefc9015774d8aa','lt-24','node037',5,'cli',NULL,NULL,'2025-02-05 18:06:12.650485457+01:00','0001-01-01 00:00:00+00:00','{"fake":"data"}','["[c31d:dd18:321:589:11fa:d85b:695f:1fca]:43064","168.4.78.117:48474","90.45.218.0:29326","90.233.46.138:29846","8.137.133.59:22781","[cb5c:f8d4:ccb0:8333:8ec:170c:a2b0:941d]:26248","[5802:df5c:8853:4851:6dcf:cb83:8208:d143]:24568","48.38.104.41:43702","139.100.200.227:62546"]','2024-02-27 12:14:40.452601042+01:00','2025-02-05 18:06:12.651261596+01:00',NULL,'100.64.0.32','fd7a:115c:a1e0::20');
INSERT INTO nodes VALUES(38,'mkey:6829f2d5523aba7a27c31e59e2341f3feb5a5a72a0268ef10d23c39811ea3b53','nodekey:10e4ff66fdd37fb54f6dcb0e42f483a15b6340610acc3a4517c24f0f350b5a9a','discokey:f20786f9c7edc967d0b415bbcce39468441af3b531ff15656c0683d3f328720a','lt-88','node038',6,'cli',NULL,NULL,'2025-02-05 16:57:29.735032128+01:00','0001-01-01 00:00:00+00:00','{"fake":"data"}','["[a393:f17f:6728:82e4:c1e7:2367:82d0:daaf]:18560","[d192:9897:4cd7:bfb5:de36:fc03:8cf4:c60d]:25096","212.199.67.213:11150","64.251.26.199:56246"]','2024-05-22 08:08:16.045350656+02:00','2025-02-05 16:57:29.735397461+01:00',NULL,'100.64.0.33','fd7a:115c:a1e0::21');
INSERT INTO nodes VALUES(42,'mkey:374ff35e7639239dbd6f70c03d04025febb0a7050cfa9d065dfb17233d200b06','nodekey:46ee597a17ca7641b7e450e55eefbfe243413ca76dc9c8e1f9d5df6e00e5abb6','discokey:f258814fe446b9599b1e601a6d51f85ba03cb6ee8154c64c5df9c7101cd34291','db-40','node042',14,'cli',NULL,NULL,'2025-02-05 06:03:02.17883855+01:00','0001-01-01 00:00:00+00:00','{"fake":"data"}','["109.16.250.249:16050","[5ea4:3410:eaa2:9da:b8d:b61a:2d9d:edaa]:3526","209.107.206.184:46974"]','2024-07-03 11:12:29.418355657+02:00','2025-02-05 06:03:02.372767209+01:00',NULL,'100.64.0.37','fd7a:115c:a1e0::25');
INSERT INTO nodes VALUES(43,'mkey:1099debb0ba187ef1f43f001c75abc118eaf017bf3bd6b48ca333fb046b98de9','nodekey:d49ef9ad4a7ecbdabcd24cae92d9ac32fbb765467cbc20abe61b4bda6ef15f1f','discokey:9f2faf39514eccb7f3d7d66ebcaf804474f75284d8b1aedbf97aee6ccdf47ed5','laptop-84','node043',14,'cli',NULL,NULL,'2025-02-05 06:03:09.741784038+01:00','0001-01-01 00:00:00+00:00','{"fake":"data"}','["[183d:f2d6:b80:36c5:318e:64e9:7f4a:b389]:12440","169.173.198.12:15274","[e5df:1889:6ac5:7d21:4dfd:614b:7eb9:d93c]:792","119.123.40.237:58615"]','2024-07-03 14:48:50.263910778+02:00','2025-02-05 06:03:09.743853396+01:00',NULL,'100.64.0.34','fd7a:115c:a1e0::22');
INSERT INTO nodes VALUES(44,'mkey:bbcd4d386de509eaa162b9e6b7ecb5896bd2af74d6dade72463343b98ecba03e','nodekey:9b6dc646c9a4595a7e073a409a79d76b2624d3516d42eb36a5a2d34f5f8fdb69','discokey:109a9fae4a89679b17a8604d4dc8a07c172187683402c999927585ea28a40f4d','web-17','node044',14,'cli',NULL,NULL,'2025-02-05 06:03:08.642240566+01:00','0001-01-01 00:00:00+00:00','{"fake":"data"}','["[797c:753d:f8fb:3108:8b9a:2bca:65a2:459d]:6713","[699e:74ba:cb1c:93f0:cad7:784f:b43:a4b7]:19825","[acd8:3779:7b6c:3a71:c15a:e323:a721:c9a7]:63377","[6816:3377:edb0:3f8e:a65b:bd60:461b:ceb]:24642"]','2024-07-03 15:23:48.066044194+02:00','2025-02-05 06:03:08.823204997+01:00',NULL,'100.64.0.35','fd7a:115c:a1e0::23');
INSERT INTO nodes VALUES(45,'mkey:f8ddd3a46ff292d9d1c00ad78526306ae1182b38e7cfdef477c4024297683495','nodekey:37bd7c1295c38de87a979ade273598b47023217e57ce45af4b02429bcab81db4','discokey:9b89e8e84da2d01590108b6f83f4f0479abcdfac8791b5da44dd2543299de31b','desktop-11','node045',14,'cli',NULL,NULL,'2025-02-05 06:03:08.197696258+01:00','0001-01-01 00:00:00+00:00','{"fake":"data"}','["120.102.247.255:41936","28.177.95.32:7841","[fb23:5998:c63d:b6c4:e86a:96b2:61c:e110]:51902","[89d4:f6c6:ccf6:b19d:3b76:642e:7a36:d229]:930"]','2024-07-03 15:54:01.706018896+02:00','2025-02-05 06:03:08.241135037+01:00',NULL,'100.64.0.36','fd7a:115c:a1e0::24');
INSERT INTO nodes VALUES(46,'mkey:af6c1d228b675ff04d2584e2c23d6288ec312a6b44c5c0eed213423a11711787','nodekey:f5b21f25bb22b5cf0cedb1b643d50c3a6512ef300cc971eccccbcc500cc23408','discokey:72843a1b2564c177d8556eb0d76dda7cbe0d9f1408bd250fcc6149518eb6d5c0','desktop-41','node046',14,'cli',NULL,NULL,'2025-02-05 06:02:55.262487942+01:00','0001-01-01 00:00:00+00:00','{"fake":"data"}','["[37a8:9998:e94e:e297:940e:5414:5549:87c7]:37130","27.138.122.133:37304"]','2024-07-03 19:38:07.783745318+02:00','2025-02-05 06:02:55.262915688+01:00',NULL,'100.64.0.38','fd7a:115c:a1e0::26');
INSERT INTO nodes VALUES(47,'mkey:c3ea2fb606807d06b1ed3e10219fee70456d1db0208d2e73a081a258992e4316','nodekey:a246b6e4b6a19ab09836e54c6fe7d5da442c2f9097ec6eea01490500872805c6','discokey:e16c22490ad1b9cbbafc0dbb4d4596f19593bf528d69bba3bb37e643aa82023b','email-63','node047',14,'cli',NULL,NULL,'2025-02-05 06:03:02.549111852+01:00','0001-01-01 00:00:00+00:00','{"fake":"data"}','["140.167.197.208:6850","[b895:b3f0:c9b8:845d:3f3a:e534:53b0:bf90]:2433"]','2024-07-04 10:38:08.344092869+02:00','2025-02-05 06:03:02.55637113+01:00',NULL,'100.64.0.39','fd7a:115c:a1e0::27');
INSERT INTO nodes VALUES(48,'mkey:8fede09a569258fc0fd7ebfbd12b2b4e8c2f4ce95c43ab0d89e41ab3998e6d24','nodekey:63af6498d4fb0e1e8312e3ec6a1639b178c051a271f33f213324e3ac1af53e17','discokey:a1e793aa09c20360cb4ef57e7dc42171a0abbc9f562140609e930ba5b7b12e83','email-92','node048',15,'cli','null',NULL,'2024-10-20 13:53:33.831192385+02:00','0001-01-01 00:00:00+00:00','{"fake":"data"}','["[33c0:859c:4a78:8bdb:359e:31e4:1e71:7e39]:50383","[3aab:52a2:b9d3:1816:5627:336:6c60:57d7]:13486","22.83.180.41:14147","26.126.135.206:7777","[8706:d109:5006:f832:dca7:58e4:4451:be15]:15180","177.4.27.29:60895"]','2024-07-26 08:09:56.608302315+02:00','2024-10-20 13:53:33.831387627+02:00',NULL,'100.64.0.40','fd7a:115c:a1e0::28');
INSERT INTO nodes VALUES(49,'mkey:13b8d4cafbdb8e9ab77928219aa57bf778878866ad8e6108b60aaab8dc8cec36','nodekey:17cefd68f8a9cc20b3d4fd93598f77ddfd6bd5a7e6e4b49861f9faad8623e0ef','discokey:939a04ddd2f9a24468e07ee7924dbb7a7662c1e8a1b67426f57fd48c7394448b','desktop-40','node049',16,'cli','null',NULL,'2024-09-19 09:07:18.28136023+02:00','0001-01-01 00:00:00+00:00','{"fake":"data"}','["[19b0:8be2:708:d27f:4d3d:3c93:9979:e9e8]:50438","129.0.5.112:19015","[91e2:54c6:93fb:ec32:6ab4:186d:81cb:b815]:37323"]','2024-08-05 17:32:41.937626584+02:00','2024-09-19 09:07:18.281618912+02:00',NULL,'100.64.0.41','fd7a:115c:a1e0::29');
INSERT INTO nodes VALUES(50,'mkey:03979d5446bb3f596bf0234d81ca84482eacb132e874ceda6cc2703422cd728c','nodekey:805c03cada525f14ee90d28ea02b23a3f57b470c793314872ad9daacf6c6484e','discokey:eb4135e1cc73a3c6b513d8cc04ca0c55a2aef7b0009845fa1d2036488aadf0f8','desktop-02','node050',10,'cli','null',NULL,'2024-08-07 10:10:06.595550455+00:00','0001-01-01 00:00:00+00:00','{"fake":"data"}','["[9175:498d:64ac:4342:2eac:ffa1:99fd:d109]:21202","[5cba:56ef:db08:320c:333a:541f:605c:44d5]:57469","150.211.2.236:50360","203.180.122.83:13344","63.162.234.32:11653","[6b63:f552:f930:e22c:fc42:3b41:c5c6:6d5f]:63162","114.48.12.185:47837","[2964:cc5d:3a1b:7889:acc8:4d8:22c1:398a]:43515"]','2024-08-07 11:50:54.144157179+02:00','2024-09-18 16:15:14.050033969+02:00',NULL,'100.64.0.42','fd7a:115c:a1e0::2a');
INSERT INTO nodes VALUES(51,'mkey:5877139c52c0bf3c0fd054bd046aaf4530dd8946548a7bc1a06733649d1557d8','nodekey:553d9638c8c455e8d1bc811ea3af03db1eb3c586413447c8003e7d905a61d06c','discokey:1da883c9eff402d786362aaac2f478c835308b3acec0993e6293becf4474609f','web-62','node051',14,'cli',NULL,NULL,'2025-02-05 06:02:31.63336842+01:00','0001-01-01 00:00:00+00:00','{"fake":"data"}','["86.215.174.228:26026","93.101.159.155:64005"]','2024-08-07 14:19:31.156780417+02:00','2025-02-05 06:02:31.633461601+01:00',NULL,'100.64.0.43','fd7a:115c:a1e0::2b');
INSERT INTO nodes VALUES(52,'mkey:0e64072dafa5f9e49266b41fc4b21ff7d287be8f4e5f2b6c395487d632f1cf3f','nodekey:2f77bb8cbeb426bcded5ad9fc6da44b0b76b8d6759f10a8db28e634290760ee7','discokey:836558738056edd1fa8d190c7e42f120b365a48a3b1f1c96c87755bb82d7ad0f','desktop-07','node052',17,'cli','null',NULL,'2024-12-25 17:27:58.515851096+01:00','0001-01-01 00:00:00+00:00','{"fake":"data"}','["[d889:f751:710:257f:977f:5597:9908:14e0]:61162","[f83a:5ebb:911d:ef36:743c:8086:8a4c:a5c7]:23538","[dc45:365c:e426:71d7:fe23:fdd4:d2c2:9409]:57262"]','2024-09-22 15:48:41.385301399+02:00','2024-12-25 17:27:58.517153789+01:00',NULL,'100.64.0.45','fd7a:115c:a1e0::2d');
INSERT INTO nodes VALUES(53,'mkey:a6f93e99a5019b3b6a2941d95dc7fcbfea5a59317a48b99db93b7a3f4f0a65bb','nodekey:1f78a6d76ea4a2135c0da46b202560c86ed30cd7e8239d4508088d0e02ffb961','discokey:1744062452f052aba5320e37fc08aaa37f1430db7c32c94c5626f0f3c858de3d','desktop-82','node053',17,'cli',NULL,NULL,'2025-02-05 18:04:29.018269861+01:00','0001-01-01 00:00:00+00:00','{"fake":"data"}','["[6084:ee60:1697:864e:4a61:cf6e:e9b6:4c05]:63961","[fad7:2601:d286:4772:3cce:6e89:f66e:9eeb]:5430","216.60.124.11:45041","[d513:c472:d7a:f316:f610:10d0:9851:4feb]:3955","156.228.105.157:61542","102.126.185.0:50694"]','2024-10-28 10:04:50.084492941+01:00','2025-02-05 18:04:29.01861254+01:00',NULL,'100.64.0.44','fd7a:115c:a1e0::2c');
INSERT INTO nodes VALUES(54,'mkey:7ad9c5af6111cc3286256127e6b6a939f1fb87e08c9018bd7bd8671c4b9cefc2','nodekey:84fec35781c2032d05c7e8524bada9f7242165e9ab5df5d66f993266cc6f090d','discokey:ad9158862b9c58848c37b519543415166938b6be3dfe3a8463842ebbd09eb00e','srv-14','node054',14,'cli',NULL,NULL,'2025-02-05 06:03:07.205609421+01:00','0001-01-01 00:00:00+00:00','{"fake":"data"}','["[e669:9684:b8bf:9a64:8ec7:bec:6369:4412]:16090","23.0.29.75:24889"]','2024-12-09 17:10:55.363593066+01:00','2025-02-05 06:03:07.20590574+01:00',NULL,'100.64.0.46','fd7a:115c:a1e0::2e');
INSERT INTO nodes VALUES(55,'mkey:ae8c967065558f9f03a95979d2181b3aa2b3537c25a894046a65554beaf553e7','nodekey:bc9cbaeb5cd70e708b5a23565ffb1fb6e1c18f35b1861083196209dcc1e0e20c','discokey:f8647d1a8ab876931f49a8abf785d429f7f21bd1fe6317528bfbf78e38d7aafe','db-73','node055',18,'cli',NULL,NULL,'2025-02-01 12:07:16.769615426+01:00','0001-01-01 00:00:00+00:00','{"fake":"data"}','["[caa3:7372:5199:2416:357:7b48:3127:85f1]:21026","[e2a5:db96:e7e3:6335:8bdc:90b4:40ff:920d]:28128"]','2024-12-10 13:56:39.287449662+01:00','2025-02-01 12:07:16.770515926+01:00',NULL,'100.64.0.47','fd7a:115c:a1e0::2f');
INSERT INTO nodes VALUES(56,'mkey:b3558cd3cf69119c2015a9cb0a87678b00231eb52b4a2b9ad93b92d7019c54da','nodekey:08f90ff45aa02d7e6b1c8bdca99e8560b70ffc7e3baafeffc3fee5477696602c','discokey:48a4765cbbf46b7f990fe03b6ceb2aefbd78dc18c462935109c51e2a3ba309a9','lt-51','node056',19,'cli',NULL,NULL,'2025-02-05 18:07:11.261451892+01:00','0001-01-01 00:00:00+00:00','{"fake":"data"}','["[f0ea:121a:661e:b1e0:52ec:5313:f630:8bb5]:55696","[bfb6:c553:e032:b418:f3c9:c0cd:9e44:f135]:60965"]','2024-12-17 14:58:39.429211911+01:00','2025-02-05 18:07:11.274103693+01:00',NULL,'100.64.0.48','fd7a:115c:a1e0::30');
INSERT INTO nodes VALUES(57,'mkey:5bb86c2f730c0b247b01634f73a4f67a19bf271de3ee39cf13f879db671da5b1','nodekey:64f016a04093cc91f7d2ca3639a07a17ae8f95f246a7ad759141d598136bd060','discokey:066b4845ec135e6251d6ef6119c832b46e2bc310332d3ea836c5f39896538b38','lt-49','node057',20,'cli',NULL,NULL,'2025-02-05 14:17:30.564397966+01:00','0001-01-01 00:00:00+00:00','{"fake":"data"}','["128.102.246.147:15968","[d0d3:beb7:361b:71d1:af88:4105:6b5f:343e]:14598","155.200.222.111:64410","[b554:3604:41e8:60a4:229:a09c:efd3:c73e]:39533","44.230.54.249:64083","29.229.203.183:13","153.68.228.171:36559"]','2024-12-17 15:17:14.26936913+01:00','2025-02-05 14:17:30.564974331+01:00',NULL,'100.64.0.49','fd7a:115c:a1e0::31');
INSERT INTO nodes VALUES(58,'mkey:557cba9878553b95245e4880d662200c70ab60ec53f2a47a48a71b5a3455bf39','nodekey:cf788f8a13f031bb446fc3f12a0120a4b0b89d8918d0ccd7a1b089c600e75b65','discokey:2ca62c3163c1aa5ef0585d1fe67ead83578f835a9ccbc86f64fc13102df0b4c5','db-41','node058',12,'cli',NULL,NULL,'2025-01-25 18:41:03.881898904+01:00','0001-01-01 00:00:00+00:00','{"fake":"data"}','["29.219.180.224:55412","[2ddd:7c1b:a237:41c8:3baf:e9cc:1f31:9057]:62916","[9c34:190d:7bf0:c940:18d6:f96c:9aca:8c0a]:8787"]','2025-01-17 10:17:23.455895657+01:00','2025-01-25 18:41:03.882180987+01:00',NULL,'100.64.0.50','fd7a:115c:a1e0::32');
INSERT INTO nodes VALUES(59,'mkey:63163f3f5e4b511affa1046328d92add5e5c1e8f883bc851f6853517acc11e8f','nodekey:71f9f812a4b177da766a6a93ada6de6bf41a7f143e4c1c5073704c1938b53931','discokey:93079aca00038320a7f125193e7e2b4658efd88ce24d04ba15a3da1491b8d71d','srv-82','node059',21,'cli',NULL,NULL,'2025-02-04 15:03:47.081255506+01:00','0001-01-01 00:00:00+00:00','{"fake":"data"}','["[82b6:6c3:f2d4:e056:dc1f:57e4:7842:53ba]:4136","55.12.42.230:527","[406e:9d3a:4fca:33e7:176:4fca:4450:3e0c]:21548","[536b:bf65:da86:c7ca:ecc4:c84a:1811:334e]:24087"]','2025-01-29 11:59:27.291048957+01:00','2025-02-04 15:03:47.081635111+01:00',NULL,'100.64.0.54','fd7a:115c:a1e0::36');
INSERT INTO nodes VALUES(60,'mkey:552ca0e4c611df54a38bd150d7f6c4ef77c66625435073b3751718e44884b92a','nodekey:7b4b25d90935b79af2efc7f0499d3f16a49d5078997314de57b65fb5ce01cf1c','discokey:2118ebb5a0b1c12de379802db2b247fcbf516de56216c4d0ee7a0489dde05071','laptop-14','node060',21,'cli',NULL,NULL,'2025-02-05 00:58:59.940225737+01:00','0001-01-01 00:00:00+00:00','{"fake":"data"}','["67.131.191.86:14533","45.142.234.80:30901","58.251.220.64:42364","[d9a7:5288:3427:e52b:4eb5:794f:11d2:5d6b]:33898"]','2025-01-29 12:01:57.48748166+01:00','2025-02-05 00:58:59.940897467+01:00',NULL,'100.64.0.55','fd7a:115c:a1e0::37');
INSERT INTO nodes VALUES(61,'mkey:f5eaa64ce3d0dbd7539fd9c3f9a494688a4a64b9a3d1fc0b9f40dedc14192ba8','nodekey:ccd6aadf68fdcc95d0d15f6654a0c6bfd5ebbf282491539ee63e5b0848de9ef5','discokey:a492c6d1d0b9de44f6adcf7ac919d49c269058d301b4be21fbb5bf4203b2fa8b','db-97','node061',21,'cli',NULL,NULL,'2025-01-31 13:55:16.761715226+01:00','0001-01-01 00:00:00+00:00','{"fake":"data"}','["[d002:74d:2b8b:87bb:25cf:5512:50fc:e379]:46829","206.194.47.198:21677","22.203.32.217:28664","112.239.138.73:43954"]','2025-01-29 12:03:01.464646336+01:00','2025-01-31 13:55:16.762309571+01:00',NULL,'100.64.0.56','fd7a:115c:a1e0::38');
INSERT INTO nodes VALUES(62,'mkey:4cbd491b0977f3a8cc92ef9f20a7726b3984f3c0699429ae46a0bceec5febee4','nodekey:66a7e77700fb0f4bae5b282413bdb5ff7c375549dd85c4300c73ff3d8029b4a4','discokey:2e9034fc43993eaa0cf2bc21118d378bb02afb3d197a33cf9f0dd201d176b23c','web-06','node062',21,'cli',NULL,NULL,'2025-02-04 18:18:13.742833978+01:00','0001-01-01 00:00:00+00:00','{"fake":"data"}','["81.51.60.60:63220","12.64.198.119:51541"]','2025-01-29 19:23:14.092804852+01:00','2025-02-04 18:18:13.743206432+01:00',NULL,'100.64.0.57','fd7a:115c:a1e0::39');
INSERT INTO nodes VALUES(63,'mkey:4f53e8f17a458333f6c3baa9c54246a6bdf6b9b431fda11cb4982aaec8da44e3','nodekey:cfa7416a7c22869f6875a73cb68c5e71afa3efdba93aa52d97d0d5ba546a3e43','discokey:66b691bca43b231ad1ebfed80944bb4a78150b16e99a6bab48c530ad2573556c','desktop-44','node063',21,'cli',NULL,NULL,'2025-02-05 18:07:10.372444037+01:00','0001-01-01 00:00:00+00:00','{"fake":"data"}','["[62ed:996a:ea86:6865:c4ee:753b:e387:5fee]:19029","105.95.65.117:11546","[68bb:e8d1:72d8:8b02:608b:2284:c9b3:184d]:20876"]','2025-01-29 19:41:40.535299057+01:00','2025-02-05 18:07:10.372725767+01:00',NULL,'100.64.0.58','fd7a:115c:a1e0::3a');
INSERT INTO nodes VALUES(64,'mkey:3e0dcb286f6e19b1e3a0b5330978aa8a8d710934cc754e811d0f690046e04469','nodekey:cd2d301b9b163b806fe8d63cdd07004f26559706bf7dc782645f05e12ebe0ec3','discokey:14675666cf2b55697f0032897d1c6742413d7c24bada8cfdc6246bf150d06fc7','db-76','node064',21,'cli',NULL,NULL,'2025-02-05 18:06:48.587173709+01:00','0001-01-01 00:00:00+00:00','{"fake":"data"}','["74.32.222.198:59615","145.91.193.5:37126","[2fb6:ea0a:3639:a1cd:9075:a258:6a79:4f5c]:13944"]','2025-01-30 18:18:57.519126133+01:00','2025-02-05 18:06:48.587847966+01:00',NULL,'100.64.0.59','fd7a:115c:a1e0::3b');
INSERT INTO nodes VALUES(65,'mkey:1adfdd6ba590feffc711c40506ed5ecb16609cd6e90a536d50c5f54cec223508','nodekey:0d58cee32d99cde76b3d8769ae4605cb4bfc9cbb01fc13069c8b59faca320e48','discokey:cba00753c508df0b5cdea1e59eaa829c6cfda4f8399121307f931dbaa3730296','desktop-90','node065',21,'cli',NULL,NULL,'2025-02-05 18:05:58.789731794+01:00','0001-01-01 00:00:00+00:00','{"fake":"data"}','["172.210.49.58:58821","[23f9:9c6d:5069:a14f:33d2:c0b1:5ab5:f83b]:46288","[b341:3259:c5dd:9f91:fd70:c616:3033:2b3b]:59081"]','2025-01-30 18:19:40.354692307+01:00','2025-02-05 18:05:58.790429401+01:00',NULL,'100.64.0.60','fd7a:115c:a1e0::3c');
INSERT INTO nodes VALUES(66,'mkey:547a8b97c8c8227d9ba40174ce4d28d0e64f10fae3f39797c60e29742ed59e62','nodekey:cb4a9d1dee6f581036b7c262348cf2c4a96be8b2eea78f7805097e3f7b1a9fcf','discokey:c233a42a4afb5fbf921bf7b3fb4330e6c46273d18570aaf6b7254dbf3c67614f','desktop-82','node066',21,'cli',NULL,NULL,'2025-02-05 18:06:09.975856526+01:00','0001-01-01 00:00:00+00:00','{"fake":"data"}','["21.197.131.68:13997","6.193.99.72:20874","181.248.237.50:21695"]','2025-01-31 12:05:28.65297301+01:00','2025-02-05 18:06:09.976571645+01:00',NULL,'100.64.0.61','fd7a:115c:a1e0::3d');
INSERT INTO nodes VALUES(67,'mkey:a8c1493c4f14cc5f41d2a37ee172d4871795f15df1d694e3e60cb00e85753133','nodekey:330d0406c86db5dad6e8c8f3aeea4a9d2e400f5979148c8dc0362c99a732359a','discokey:48d90798a39a3f18baf394f4c5470f6130e4e71b9b3537ab794729a69cb39fed','email-36','node067',21,'cli',NULL,NULL,'2025-02-05 18:07:12.217604914+01:00','0001-01-01 00:00:00+00:00','{"fake":"data"}','["[f54c:f310:c771:8240:30ba:d473:9e15:10c7]:14619","[b271:6307:9d44:59d0:49bd:4f2e:f1:367c]:65399","140.8.191.17:10998"]','2025-01-31 12:06:30.121464114+01:00','2025-02-05 18:07:12.218026563+01:00',NULL,'100.64.0.62','fd7a:115c:a1e0::3e');
INSERT INTO nodes VALUES(68,'mkey:45e8c4a1edae8a0cdcabff6034ce05d4a52d3409257ab29296f6cf3a264e83c8','nodekey:b3059cba99de1e33977250c037645ba9d16cd632437994b34684b0907fe3ceac','discokey:3c55aa60782b081dc35d241058173ee1b33b787c275cece979f7e42a5b18342f','email-71','node068',22,'cli',NULL,NULL,'2025-02-05 17:22:26.298576706+01:00','0001-01-01 00:00:00+00:00','{"fake":"data"}','["[5162:12d4:c733:e842:4621:e95e:6576:9cce]:59605","207.56.208.145:2966"]','2025-02-03 14:16:55.56431345+01:00','2025-02-05 17:22:26.298939503+01:00',NULL,'100.64.0.51','fd7a:115c:a1e0::33');
INSERT INTO nodes VALUES(69,'mkey:bac278a5ad2db26a926acc26fd63948ba6bd59f251f7cb63189686ce6ab708a1','nodekey:24a9b3c24f38b690ca357a9659d7694a2a4fc85da77fb1412eae653c644b3bd2','discokey:1146959bad3ded51876532d5bd19cb803a242cd31ec4139dbcff8253c0ad3688','desktop-73','node069',22,'cli',NULL,NULL,'2025-02-05 18:04:17.831085877+01:00','0001-01-01 00:00:00+00:00','{"fake":"data"}','["54.50.198.66:11070","29.172.28.99:15557"]','2025-02-03 15:23:16.312084161+01:00','2025-02-05 18:04:17.83122503+01:00',NULL,'100.64.0.52','fd7a:115c:a1e0::34');
INSERT INTO nodes VALUES(70,'mkey:70c4138967c4f507d775370eb51027481476532f60551ad6a15d7d7f409bed0e','nodekey:f7a1ee8db2e3b1d46d312fa05852ca855dc4fb1c08c661f9d6ae72cf158312c4','discokey:2ef78cf519914d9d37837930ec28165ac6ed347ea0704dc38143c6763d5e0da9','web-04','node070',21,'cli',NULL,NULL,'2025-02-05 18:07:47.934048862+01:00','0001-01-01 00:00:00+00:00','{"fake":"data"}','["74.194.16.233:59572","182.2.129.47:16383","[b20b:7689:a05d:fa7b:596f:af42:cc23:5379]:28028"]','2025-02-03 18:09:35.161109801+01:00','2025-02-05 18:07:47.989204771+01:00',NULL,'100.64.0.53','fd7a:115c:a1e0::35');
INSERT INTO nodes VALUES(71,'mkey:e50a34b03da2a75cc4317bd6499e8d3acc04c79a7fed05b4fc0fd9f4d039c457','nodekey:d0a2d496173e1283a1bedfb91ed66eb6c329939cdd49186fff95dbbd8793d453','discokey:e5263b334eadce0e0ec392ada8e3c2e9365c3d84c2b66e12159298a3ac1bdec9','laptop-52','node071',21,'cli',NULL,NULL,'2025-02-05 14:26:52.974125098+01:00','0001-01-01 00:00:00+00:00','{"fake":"data"}','["[a9c8:980f:e64c:96b3:b612:ecf5:c8c9:44cd]:35202","52.120.18.3:13372"]','2025-02-04 12:03:50.32663805+01:00','2025-02-05 14:26:52.974521366+01:00',NULL,'100.64.0.63','fd7a:115c:a1e0::3f');
INSERT INTO nodes VALUES(72,'mkey:4c796b98359112a863206aac0c0227cb52ff020ab4ae85f4bfe0a6d607605b48','nodekey:e7e7abfb764bef835912f27af2c65edb3c5d01f2d2ac01943b3a6f5e67cd0c6a','discokey:7890936e6fadf5482ac24097a8c38c09b767fd9bfc2e83c05501524120f869a1','email-48','node072',21,'cli',NULL,NULL,'2025-02-05 17:10:05.65587839+01:00','0001-01-01 00:00:00+00:00','{"fake":"data"}','["126.19.171.233:19526","[91e1:a8d7:5c43:b695:4f5:b147:b5f7:9f75]:62218"]','2025-02-04 12:07:36.231437299+01:00','2025-02-05 17:10:05.656193493+01:00',NULL,'100.64.0.64','fd7a:115c:a1e0::40');
INSERT INTO nodes VALUES(73,'mkey:a46b92cea88a9bac37dcb612a4a50dee75684f736c8c7f2aab812fa5fb9d463f','nodekey:1bbfdddf7b2a929a3da1e69236aa8b8fbd4b25d1839e57aaecf2ab910592bc78','discokey:c2188df6632aded7862de4b5d07c3993b3e908c59ce38f9d481f4840d85448c7','srv-06','node073',21,'cli',NULL,NULL,'2025-02-04 18:18:08.553472495+01:00','0001-01-01 00:00:00+00:00','{"fake":"data"}','["[99f:9853:60cd:a4c5:e9d7:2a40:f86:742b]:782","[99cd:c956:e0f9:b633:5f8b:5c6a:50b1:571]:18474"]','2025-02-04 12:10:26.50545127+01:00','2025-02-04 18:18:08.559366076+01:00',NULL,'100.64.0.65','fd7a:115c:a1e0::41');
CREATE TABLE `policies` (`id` integer PRIMARY KEY AUTOINCREMENT,`created_at` datetime,`updated_at` datetime,`deleted_at` datetime,`data` text);
CREATE TABLE IF NOT EXISTS "users"  (`id` integer,`created_at` datetime,`updated_at` datetime,`deleted_at` datetime,`name` text UNIQUE,`display_name` text,`email` text,`provider_identifier` text,`provider` text,`profile_pic_url` text,PRIMARY KEY (`id`));
INSERT INTO users VALUES(1,'2023-05-17 19:36:55.859473496+02:00','2023-05-17 19:36:55.859473496+02:00',NULL,'user001','','',NULL,NULL,'');
INSERT INTO users VALUES(2,'2023-05-17 19:36:57.059073465+02:00','2023-05-17 19:36:57.059073465+02:00',NULL,'user002','','',NULL,NULL,'');
INSERT INTO users VALUES(3,'2023-05-18 10:10:36.248939077+02:00','2023-05-18 10:10:36.248939077+02:00',NULL,'user003','','',NULL,NULL,'');
INSERT INTO users VALUES(4,'2023-06-10 09:06:13.920718561+02:00','2023-06-10 09:06:13.920718561+02:00',NULL,'user004','','',NULL,NULL,'');
INSERT INTO users VALUES(5,'2023-06-11 19:58:32.371218434+02:00','2023-06-11 19:58:32.371218434+02:00',NULL,'user005','','',NULL,NULL,'');
INSERT INTO users VALUES(6,'2023-06-17 19:39:53.031565686+02:00','2023-06-17 19:39:53.031565686+02:00',NULL,'user006','','',NULL,NULL,'');
INSERT INTO users VALUES(7,'2023-06-20 11:35:09.325846831+02:00','2023-06-20 11:35:09.325846831+02:00',NULL,'user007','','',NULL,NULL,'');
INSERT INTO users VALUES(8,'2023-06-21 22:47:48.196234382+02:00','2023-06-21 22:47:48.196234382+02:00',NULL,'user008','','',NULL,NULL,'');
INSERT INTO users VALUES(9,'2023-06-22 08:30:35.068995572+02:00','2023-06-22 08:30:35.068995572+02:00',NULL,'user009','','',NULL,NULL,'');
INSERT INTO users VALUES(10,'2023-07-03 10:18:32.123226+02:00','2023-07-03 10:18:32.123226+02:00',NULL,'user010','','',NULL,NULL,'');
INSERT INTO users VALUES(11,'2023-07-03 10:18:37.130387602+02:00','2023-07-03 10:18:37.130387602+02:00',NULL,'user011','','',NULL,NULL,'');
INSERT INTO users VALUES(12,'2023-12-15 08:05:06.013615212+01:00','2023-12-15 08:05:06.013615212+01:00',NULL,'user012','','',NULL,NULL,'');
INSERT INTO users VALUES(13,'2024-02-03 16:32:42.224977233+01:00','2024-02-03 16:32:42.224977233+01:00',NULL,'user013','','',NULL,NULL,'');
INSERT INTO users VALUES(14,'2024-05-03 10:12:38.220973042+02:00','2024-05-03 10:12:38.220973042+02:00',NULL,'user014','','',NULL,NULL,'');
INSERT INTO users VALUES(15,'2024-07-26 08:08:40.979783263+02:00','2024-07-26 08:08:40.979783263+02:00',NULL,'user015','','',NULL,NULL,'');
INSERT INTO users VALUES(16,'2024-08-05 17:32:02.878091894+02:00','2024-08-05 17:32:02.878091894+02:00',NULL,'user016','','',NULL,NULL,'');
INSERT INTO users VALUES(17,'2024-09-22 15:48:00.287392203+02:00','2024-09-22 15:48:00.287392203+02:00',NULL,'user017','','',NULL,NULL,'');
INSERT INTO users VALUES(18,'2024-12-10 13:55:11.256977421+01:00','2024-12-10 13:55:11.256977421+01:00',NULL,'user018','','',NULL,NULL,'');
INSERT INTO users VALUES(19,'2024-12-17 14:57:58.550971236+01:00','2024-12-17 14:57:58.550971236+01:00',NULL,'user019','','',NULL,NULL,'');
INSERT INTO users VALUES(20,'2024-12-17 15:02:08.053169491+01:00','2024-12-17 15:02:08.053169491+01:00',NULL,'user020','','',NULL,NULL,'');
INSERT INTO users VALUES(21,'2025-01-28 15:57:32.774456057+01:00','2025-02-04 14:53:57.282402538+01:00',NULL,'user021','','',NULL,'','');
INSERT INTO users VALUES(22,'2025-02-03 14:10:50.491924701+01:00','2025-02-03 14:10:50.491924701+01:00',NULL,'user022','','',NULL,'','');
CREATE TABLE IF NOT EXISTS "routes"  (`id` integer,`created_at` datetime,`updated_at` datetime,`deleted_at` datetime,`node_id` integer NOT NULL,`prefix` text,`advertised` numeric,`enabled` numeric,`is_primary` numeric,PRIMARY KEY (`id`),CONSTRAINT `fk_nodes_routes` FOREIGN KEY (`node_id`) REFERENCES `nodes`(`id`) ON DELETE CASCADE);
INSERT INTO routes VALUES(1,'2023-05-19 07:09:23.387641743+02:00','2023-05-22 09:48:18.908103256+02:00',NULL,3,'192.168.224.0/21',1,0,0);
CREATE UNIQUE INDEX `idx_api_keys_prefix` ON `api_keys`(`prefix`);
CREATE INDEX `idx_policies_deleted_at` ON `policies`(`deleted_at`);
CREATE INDEX `idx_users_deleted_at` ON `users`(`deleted_at`);
CREATE INDEX `idx_routes_deleted_at` ON `routes`(`deleted_at`);
COMMIT;
