PRAGMA foreign_keys=OFF;
BEGIN TRANSACTION;
CREATE TABLE `migrations` (`id` text,PRIMARY KEY (`id`));
INSERT INTO migrations VALUES('202312101416');
INSERT INTO migrations VALUES('202312101430');
INSERT INTO migrations VALUES('202402151347');
INSERT INTO migrations VALUES('2024041121742');
INSERT INTO migrations VALUES('202406021630');
INSERT INTO migrations VALUES('202409271400');
INSERT INTO migrations VALUES('202407191627');
INSERT INTO migrations VALUES('202408181235');
INSERT INTO migrations VALUES('202501221827');
INSERT INTO migrations VALUES('202501311657');
INSERT INTO migrations VALUES('202502070949');
CREATE TABLE IF NOT EXISTS "pre_auth_keys"  (`id` integer,`key` text,"user_id" integer,`reusable` numeric,`ephemeral` numeric DEFAULT false,`used` numeric DEFAULT false,`created_at` datetime,`expiration` datetime, `tags` text,PRIMARY KEY (`id`),CONSTRAINT `fk_pre_auth_keys_user` FOREIGN KEY (`user_id`) REFERENCES `users`(`id`) ON DELETE CASCADE);
INSERT INTO pre_auth_keys VALUES(1,'c0e73b52c1706fcceea368ae07c19c0e91fbe1f78eff2f7b',1,0,1,0,'2022-02-26 17:02:32.568878371+00:00','2022-02-26 18:11:15.388354971+01:00',NULL);
INSERT INTO pre_auth_keys VALUES(2,'ad293159f9506a02d6de4730e5a2ddb74f9fd4033919ecc5',1,0,1,1,'2022-02-26 17:08:07.828690446+00:00','2022-02-26 18:11:18.890985216+01:00',NULL);
INSERT INTO pre_auth_keys VALUES(3,'66c7e0fbf74010ea2e153d35ffa0f3c48380ef38960d1fd1',1,0,0,1,'2022-02-26 17:11:54.149663776+00:00','2022-02-26 17:16:54.147175388+00:00',NULL);
INSERT INTO pre_auth_keys VALUES(4,'cdbb69c88fabdc2609050c7f99e8ebdea6fcf81a50d802fc',1,0,0,1,'2022-02-26 17:15:34.160746962+00:00','2022-02-26 17:20:34.15935255+00:00',NULL);
INSERT INTO pre_auth_keys VALUES(6,'0a99889a217a2f9cdd20082faadd5c90e72c83a47093a63a',1,0,0,1,'2022-03-04 07:27:17.535172209+00:00','2022-03-04 07:32:17.531871524+00:00',NULL);
INSERT INTO pre_auth_keys VALUES(10,'6e88409e3883c1a47249e428030afd4a46bdaf3adb3b74c1',4,0,0,1,'2022-04-01 20:43:21.757703546+00:00','2022-04-01 20:48:21.756458144+00:00',NULL);
INSERT INTO pre_auth_keys VALUES(13,'9d3c2bde9fcef181a3141dfe59d449bf03f6779dad3580e0',1,0,0,1,'2022-06-26 13:19:48.533865696+00:00','2022-06-26 13:24:48.532164552+00:00',NULL);
INSERT INTO pre_auth_keys VALUES(16,'00b123d52ea8f58379b740fdc5c898b02330ab9b366cb1b4',1,0,0,1,'2023-02-12 06:21:30.15120385+00:00','2023-02-12 06:26:30.140082454+00:00',NULL);
INSERT INTO pre_auth_keys VALUES(17,'c471ce93392c0d3040af0cf6166f4f578c3c66dd180b6e0b',1,0,0,1,'2023-02-12 06:26:55.829311638+00:00','2023-02-12 06:31:55.824701077+00:00',NULL);
INSERT INTO pre_auth_keys VALUES(18,'fe0a438e67687540efcbbbc28c8e6c1b8ac1216f99de33d4',1,0,0,1,'2023-02-12 06:31:13.245185592+00:00','2023-02-12 06:36:13.241695106+00:00',NULL);
INSERT INTO pre_auth_keys VALUES(19,'5a469043f1fa43ff11e54ea242dd882a81aea68f168b9a34',1,0,0,1,'2023-02-12 06:31:13.622545545+00:00','2023-02-12 06:36:13.560890824+00:00',NULL);
INSERT INTO pre_auth_keys VALUES(20,'8b31d9a38282dfe07ffcebdfbd40db6b9e49997c93bed570',1,0,0,1,'2023-02-28 12:45:48.518939706+00:00','2023-02-28 12:50:48.445951259+00:00',NULL);
INSERT INTO pre_auth_keys VALUES(21,'47a4216f2b4e5885d4e53a3de2ffe95521d8a708ca26d31e',1,0,0,1,'2023-02-28 12:45:48.53865321+00:00','2023-02-28 12:50:48.439132728+00:00',NULL);
INSERT INTO pre_auth_keys VALUES(22,'1b7be83871f396e4544c8445acfc8d308dbfe29c7f0197f0',1,0,0,1,'2023-02-28 12:45:48.538806791+00:00','2023-02-28 12:50:48.445073692+00:00',NULL);
INSERT INTO pre_auth_keys VALUES(23,'c9f364adba95c6c46c162eaa3786702805595841c0150927',1,0,0,1,'2023-05-05 08:08:16.73107293+00:00','2023-05-05 08:13:16.722921676+00:00',NULL);
INSERT INTO pre_auth_keys VALUES(24,'a90c87e30fa22ffee39e5ce157dd22c909f2026295e3bce4',1,0,0,1,'2023-08-14 14:36:52.042138928+00:00','2023-08-14 14:41:52.038644473+00:00',NULL);
INSERT INTO pre_auth_keys VALUES(25,'bb059cde5663619a8918bde19b9f8236085725554d9d78c2',1,0,0,1,'2023-08-14 16:15:33.722630834+00:00','2023-08-14 16:20:33.719604033+00:00',NULL);
INSERT INTO pre_auth_keys VALUES(26,'0733b8fc67adc82644c87a95947b24c5d368c633cff92eb4',1,0,0,1,'2023-08-29 06:30:44.934900329+00:00','2023-08-29 06:35:44.931280114+00:00',NULL);
INSERT INTO pre_auth_keys VALUES(27,'567f3a39066fd99c567d14bcc374b25cee0ad71af08b9054',1,0,0,1,'2023-11-03 17:53:45.857200883+00:00','2023-11-03 17:58:45.853742836+00:00',NULL);
INSERT INTO pre_auth_keys VALUES(30,'8aa13c93cbef46d36c8159da51fb41a469ae04f932980890',1,0,0,1,'2024-07-29 12:24:27.140614087+00:00','2024-07-29 12:29:27.136525982+00:00',NULL);
INSERT INTO pre_auth_keys VALUES(31,'9314b171abc433d73b8db297c1c5c65dae0be53d39a71520',1,0,0,1,'2024-08-07 18:35:12.375119763+00:00','2024-08-07 18:40:12.371590392+00:00',NULL);
INSERT INTO pre_auth_keys VALUES(32,'6a8fd483387734664f2a911545150a9bc0d9f12a744fe913',7,0,0,0,'2025-02-23 06:56:50.319087142+00:00','2025-02-23 07:56:50.31726796+00:00','[]');
CREATE TABLE IF NOT EXISTS "api_keys"  (`id` integer,`prefix` text UNIQUE,`hash` blob,`created_at` datetime,`expiration` datetime,`last_seen` datetime,PRIMARY KEY (`id`));
INSERT INTO api_keys VALUES(1,'S2nn85NliD',X'2432622431322471797064584939764e3848783749615457324d53536534503451464b39573657556d417370354c396f38427037477538554d6d4d57','2022-12-25 21:35:28.644697962+01:00','2023-03-22 06:22:18.724817647+01:00',NULL);
INSERT INTO api_keys VALUES(2,'1KZkpEyiMH',X'243262243132247055452f5068466c77784e7a69596443565139666d75416d426a614978717230764d5253613459455254674c336556795051367669','2023-03-22 06:22:18.339101298+01:00','2023-04-13 09:32:24.318715268+02:00',NULL);
INSERT INTO api_keys VALUES(3,'6yBMrqvEDX',X'243262243132244838672e4c4b6330506c526266486e497868645779657737782f42334c433831335566634c4e627432497979556e4f76737179614f','2023-04-13 09:32:23.864995051+02:00','2023-07-12 07:32:23.45+00:00',NULL);
CREATE TABLE IF NOT EXISTS "nodes"  (`id` integer,`machine_key` text,`node_key` text,`disco_key` text,"hostname" text,"user_id" integer,`register_method` text,`auth_key_id` integer,`last_seen` datetime,`expiry` datetime,`host_info` text,`endpoints` text,`created_at` datetime,`updated_at` datetime,`deleted_at` datetime,`given_name` varchar(63),`forced_tags` text,`ipv4` text,`ipv6` text,PRIMARY KEY (`id`),CONSTRAINT `fk_nodes_user` FOREIGN KEY (`user_id`) REFERENCES `users`(`id`) ON DELETE CASCADE,CONSTRAINT `fk_nodes_auth_key` FOREIGN KEY (`auth_key_id`) REFERENCES `pre_auth_keys`(`id`) ON DELETE SET NULL);
INSERT INTO nodes VALUES(1,'mkey:13adef46b653fc9d24415b242714d08a92605cb2d53355a03cda8bae483cc93d','nodekey:aca177c7ceeadf615c5d28bd894ddad5133fe0e99e6c5f2a4af5403daf74aac6','discokey:83f177b585a16eab54768d0284553d62d3f46ef8a21417834039525dfd9ac7dd','desktop-00',1,'authKey',3,'2025-02-25 11:05:11.775075937+01:00','0001-01-01 00:00:00+00:00','{"fake":"data"}','["[ce6f:3f5b:da2f:8382:f3a1:e2d4:1c47:fe5e]:25604","[ff9b:6bbd:77bc:323d:12e4:22ba:b712:80c]:37729","[1e76:19af:e817:9a33:4f83:366e:b686:6362]:39521","57.71.157.166:9055","[c199:e8ca:c1bb:8364:dde8:bf3e:9467:c050]:61218"]','2022-02-26 18:11:55.92837512+01:00','2025-02-25 11:05:11.775803871+01:00',NULL,'node001',NULL,'100.64.0.1','fd7a:115c:a1e0::1');
INSERT INTO nodes VALUES(3,'mkey:4f7673e616b40b313ef69fd390e9c4bdb4c80f66840defb02c37d6f2fa152c5c','nodekey:91ee8b593bb0599e9583a692dabef9528423878f737f7bfdf339fc02bbe8ab47','discokey:fb3b2c151a0d277e77837dc2a5e96fe8f05bbefa770a84822689ec2c63dfe358','email-24',7,'authKey',NULL,'2025-02-17 20:00:56.633030391+01:00','0001-01-01 00:00:00+00:00','{"fake":"data"}','["[6add:4288:4372:c9ce:7cee:4852:e6d0:9d56]:44968","[884b:b2cc:e2f3:ab06:131b:e30c:69a2:363]:32943"]','2022-03-01 19:26:46.242187887+01:00','2025-02-17 20:00:56.633298676+01:00',NULL,'node003',NULL,'100.64.0.3','fd7a:115c:a1e0::3');
INSERT INTO nodes VALUES(4,'mkey:3a04f3ec6375cf82c44ce30f04f10f753e2785864c35af3838883ed175e220df','nodekey:8d53294925a1cfb59b2bb60ca7846119a841c4dec2bd4dd1f47750815f8ba332','discokey:98216fd248ca55f2b099d83c9ff8f85dd3005b64b5b52a283604ede6ea587ad2','email-39',1,'authKey',6,'2025-02-24 06:38:04.606923061+01:00','0001-01-01 00:00:00+00:00','{"fake":"data"}','["[f906:29af:dabc:6ef0:a2b3:64a1:c36c:ac7a]:24154","[be53:e324:1587:4d86:d24c:8662:cd5c:a4c8]:58105","59.239.218.25:49807","[cfa4:ad2e:1410:3b78:ce03:b437:6749:ff3a]:39835"]','2022-03-04 08:27:19.383566031+01:00','2025-02-24 06:38:04.607016538+01:00',NULL,'node004',NULL,'100.64.0.2','fd7a:115c:a1e0::2');
INSERT INTO nodes VALUES(5,'mkey:45c951d703f782a16a6db8b4dc872952308f86883499d0613f03318d18f3e7fe','nodekey:70837c16d309644e71e6b251bdb66c4e6a5c9b9f6e23a3b803142b8f00d1017a','discokey:ebe6dd61b6b2bafccce9d01ba0d58ea2ee93a90ae6cafb4383453fb4a17441b4','desktop-61',8,'authKey',NULL,'2025-02-23 12:50:07.992065346+01:00','0001-01-01 00:00:00+00:00','{"fake":"data"}','["[e5e8:7d01:63fc:4220:3b4a:df5:ebe:748c]:47047","[7513:6321:b35:b633:b39e:41ed:10a1:3fdd]:462","[8dc0:10e:95b6:9954:2614:8dcc:6564:e167]:58499","[8e6d:95be:19a9:316a:d37e:bcb6:5e05:d7f0]:36162","[5bb2:705a:7f5c:3c9:db83:956a:1ce:5291]:9510","37.24.123.232:17607"]','2022-03-05 13:54:23.660591381+01:00','2025-02-23 12:50:07.99213101+01:00',NULL,'node005',NULL,'100.64.0.4','fd7a:115c:a1e0::4');
INSERT INTO nodes VALUES(6,'mkey:41996a93d33f8d668b8138c76f7f6ade6a105ea47d72342a14d470da88afd9f7','nodekey:3d3bd1e69adec0d7fa68d8a835bc25d381cf6b371077941e98362efd62aa38cd','discokey:70213a9865b98fb97c6dc05dff42b6260ecfb1b0b38e9de3fcf1199f36ea2ea0','laptop-78',1,'authkey',NULL,'2025-02-23 08:38:50.091332342+01:00','0001-01-01 00:00:00+00:00','{"fake":"data"}','["[533:7131:4504:52ca:972e:c82:4ea1:ace2]:58915","58.226.203.77:32176","110.30.79.130:11845"]','2022-03-21 15:52:20.739594362+01:00','2025-02-23 08:38:50.091690948+01:00',NULL,'node006',NULL,'100.64.0.5','fd7a:115c:a1e0::5');
INSERT INTO nodes VALUES(7,'mkey:05d3833026a1ecd188cc6d2b9b7f9c8a0c51baefabf20a167c85c0c6ef722669','nodekey:d281e1bea5bb2e5d2d01bf476a5ea0df5578a663211c2281dc757024f6233f90','discokey:010f415b1e41652b3eabcebdbaa1e2e62fb1412f817304c125776ecd45621fba','desktop-21',4,'authkey',10,'2025-02-25 10:09:14.062758838+01:00','0001-01-01 00:00:00+00:00','{"fake":"data"}','["[6102:58dc:7ffb:200a:53e:b50d:38d5:45a8]:29126","32.34.123.165:35870","[1daf:274c:55b2:7413:3c1:bd3d:acc5:4eb1]:33732","182.237.82.235:32290","6.93.152.196:16212"]','2022-04-01 22:43:27.318756043+02:00','2025-02-25 10:09:14.063518972+01:00',NULL,'node007',NULL,'100.64.0.6','fd7a:115c:a1e0::6');
INSERT INTO nodes VALUES(8,'mkey:521fa99ee8b613be5da1bc0fa53e3a11806db23487572f13ce3a99b5750f47d8','nodekey:c2fd5b20a911b8193b7bc8e2dfe68598422759afb0cae2a1f6faf8a975133f68','discokey:99030d8be2cf14592175083adec1a15fdadb1181db721c9ce4f9e5ed485e8422','db-82',7,'authkey',NULL,'2025-02-24 18:51:08.679119377+01:00','0001-01-01 00:00:00+00:00','{"fake":"data"}','["[b12:6f03:406e:1855:3cf9:8eb6:e610:adbf]:18034","70.180.67.60:48287","141.100.183.252:19523","[e416:9931:8e9:6fcb:6d36:2e45:fe82:5ffe]:30261","215.10.187.249:19488","[bfe7:ebf6:e338:79a6:dba:4051:a7df:10]:31519","128.57.253.0:39500"]','2022-04-03 09:38:46.178224968+02:00','2025-02-24 18:51:08.679420095+01:00',NULL,'node008',NULL,'100.64.0.7','fd7a:115c:a1e0::7');
INSERT INTO nodes VALUES(9,'mkey:74ffa28c2f79c597df6d2584dc81317a09559002ef1c124d79c0961739f04628','nodekey:5df40a5c1b1c89b50f9c3a49445012ab5fe70691a639f09405cfabb7c4e57f62','discokey:40c0492a46b45647cec73ec454d030beb08e2efa406a1505937abc3cf3aa4886','web-41',7,'cli',NULL,'2025-02-24 19:06:53.63097265+01:00','0001-01-01 00:00:00+00:00','{"fake":"data"}','["[235e:a50d:c131:2e8:80a6:4826:7e56:cc6e]:43129","[3486:5bc7:ada8:8da1:9df9:3cc6:d018:ee8b]:65112","43.182.159.11:27315","[12a4:b567:a06e:b675:a878:2f42:e5e1:429f]:60924","[171f:b843:ff2e:b9f0:9890:1aac:42e5:c2ab]:47842"]','2022-04-09 09:43:07.09027176+02:00','2025-02-24 19:06:53.631097606+01:00',NULL,'node009',NULL,'100.64.0.8','fd7a:115c:a1e0::8');
INSERT INTO nodes VALUES(10,'mkey:381acb630a8426dc0e69e99cb0fc8994f8df14864459adafb8c33c856481277c','nodekey:8ce541404b26c374b025803ff060a5752800114358b0520bb5370cfe4b7b7ab9','discokey:c531655c46cf50d2c752e28c7d52f1e20795936863cc4c9074f1c1eb7230cc75','laptop-07',1,'authkey',NULL,'2025-02-23 08:14:09.262507807+01:00','0001-01-01 00:00:00+00:00','{"fake":"data"}','["[571:ac10:e700:fdbd:6084:e1ec:7273:7f9f]:46051","21.139.115.42:33169"]','2022-06-26 13:57:07.40762063+02:00','2025-02-23 08:14:09.26323988+01:00',NULL,'node010',NULL,'100.64.0.9','fd7a:115c:a1e0::9');
INSERT INTO nodes VALUES(11,'mkey:ec475b374671562006704de6f1be902a3d75079e8c9a3b52e6c3d6dc37d3086a','nodekey:655232f4f4205ddc98661144bd7a05a975f44a3f01ed22e18927e6265329104a','discokey:b30f00fbda4b3a7ed66ff30ac8c41c0c1c04a775756543f27155e1b93f947eca','db-05',1,'authkey',13,'2025-02-24 23:14:30.021124861+01:00','0001-01-01 00:00:00+00:00','{"fake":"data"}','["[f2e:fd97:b513:b737:33f3:dd2b:df4:a90e]:41096","155.239.169.182:41163","[c908:b81c:b4c8:38d3:e311:b3f6:3067:227c]:11541","[f41f:b9e9:9205:210a:4ff9:ab34:57fd:3148]:21852","[3d49:412:9781:b399:f9a5:587e:bd2e:a579]:3775"]','2022-06-26 15:19:50.566498735+02:00','2025-02-24 23:14:30.021972171+01:00',NULL,'node011',NULL,'100.64.0.10','fd7a:115c:a1e0::a');
INSERT INTO nodes VALUES(14,'mkey:624da83bf38200687af1e4771f9392a903d156e9b9495bafb84adb021e0fac4d','nodekey:13984780af686ba7da0433dd5c0dd04157b929f923291b809cca20e0fcf9de14','discokey:f9ebece3311c35c7efd854261a8505261d347db67e3bcb0f38bdb0631dca6d89','laptop-03',1,'authkey',NULL,'2025-02-23 08:19:10.390225858+01:00','0001-01-01 00:00:00+00:00','{"fake":"data"}','["30.125.129.134:36303","[213c:e72:d34:c59c:d4fa:8bb5:f6d3:d691]:24926","83.92.114.14:38013"]','2022-09-26 16:07:54.206927686+02:00','2025-02-23 08:19:10.39053916+01:00',NULL,'node014',NULL,'100.64.0.13','fd7a:115c:a1e0::d');
INSERT INTO nodes VALUES(23,'mkey:1be02a7f57e51fa42c3af087a1464b33d33ad2802979d102c8b10ac146091537','nodekey:1fc37765c4fbcf068f0dd37f2b98d4d1fe35fc7c9e20ea8ed2be4b52b97481b4','discokey:9ea68ef044c00841bb6187dafedc8811caa4b12d123e00119eba0462b9dac6b2','db-52',1,'authkey',23,'2025-02-10 07:17:23.651226796+01:00','0001-01-01 00:00:00+00:00','{"fake":"data"}','["[f538:9546:a467:a160:1e3f:ad81:b5aa:f88d]:56031","14.178.248.81:54186","[dcb5:9eee:2075:acba:1a31:1669:21dd:744b]:48312","91.212.243.143:50528"]','2023-05-05 10:08:17.301597525+02:00','2025-02-10 07:17:23.651369947+01:00',NULL,'node023','[]','100.64.0.14','fd7a:115c:a1e0::e');
INSERT INTO nodes VALUES(24,'mkey:a0099c574ba14cdf6db0a2591d2874960f00cb106129315d4e406b605c288353','nodekey:9cef74269ce1f9ee2648676a8298a169da6f5e2ef84ce0699559e4627279338c','discokey:dd188ff283fcda7d3e0fe5fd611b6e959fde88c50ecea39e06ba3b907e6fc39b','lt-44',1,'authkey',25,'2025-01-13 15:02:48.676721758+01:00','0001-01-01 00:00:00+00:00','{"fake":"data"}','["[48f9:df69:4387:ae57:b06c:1439:7821:792]:45333","12.27.126.70:46578","[8b32:e301:3c59:346b:8ee6:c646:97a6:99ec]:36499","185.25.84.152:44786","[c7d0:cf6f:bb45:6922:7fd7:adb7:59f5:499e]:60522","65.200.68.231:16530","11.209.67.55:8308"]','2023-08-14 18:15:34.292188686+02:00','2025-01-13 15:02:48.67679754+01:00',NULL,'node024','[]','100.64.0.15','fd7a:115c:a1e0::f');
INSERT INTO nodes VALUES(25,'mkey:54219375ce0ab01cd59b56ad984df668ae7cbe49b7b91e44877ae0d7012d6106','nodekey:2b0c163bc497f6214b25d6a333a37d273c260630dcc91782897f19a579f92a5b','discokey:4cf24a025241ad9a69c20d40513dfee5626f934d738e18f4a64fd9a1ace2cb24','srv-15',1,'authkey',26,'2025-02-15 09:38:06.967090699+01:00','0001-01-01 00:00:00+00:00','{"fake":"data"}','["[60da:30ec:55bd:5ab3:3fe7:5492:1fc8:92f3]:36566","105.238.97.70:40193","[8c84:2d7e:5e1a:2f51:8754:aa54:b421:a19f]:60672","[5101:751a:5e00:cf46:8b50:8ba9:3c8e:4c7c]:33862"]','2023-08-29 08:30:45.518580154+02:00','2025-02-15 09:38:06.967816068+01:00',NULL,'node025','[]','100.64.0.16','fd7a:115c:a1e0::10');
INSERT INTO nodes VALUES(26,'mkey:96e8e0e986089fe5d0f5418f7ccb0a701401def77b8c5e1c337e7c5b865aa20c','nodekey:0e01df602ea65f549245772540b04373a8f2ab64a781251598226e99a6fc341f','discokey:444d74201443318337b9c8118b6d62ab087049cd1258b1b670dd3d8b8b883bd0','lt-82',1,'authkey',27,'2025-02-25 11:26:22.780339791+01:00','0001-01-01 00:00:00+00:00','{"fake":"data"}','["12.54.208.97:59171","[13a0:b8ff:bebb:d48:e16e:869d:b542:531b]:17201","44.157.88.255:43418","8.250.82.20:52374"]','2023-11-03 18:53:48.108033118+01:00','2025-02-25 11:26:22.781062875+01:00',NULL,'node026','[]','100.64.0.17','fd7a:115c:a1e0::11');
INSERT INTO nodes VALUES(29,'mkey:8ba830e2027bf650dfb541fcecc1f2cd5e20da44d6b333434e06cc9b17b9d4d4','nodekey:c0f946e33505da4340c838ca01cd3c0c1dda4d73f42a5609709f48727841e316','discokey:d380435e5b89c56938fb4a1c71ce024df4a01e8d5cfeb95e21c4c5d2b9e3a395','web-21',1,'authkey',NULL,'2025-02-25 10:54:54.677120077+01:00','0001-01-01 00:00:00+00:00','{"fake":"data"}','["54.149.91.210:26635","210.72.228.199:14674","101.172.44.176:5878","[c018:a17d:2177:f7b8:482d:b68b:9b7a:c3f4]:52482"]','2024-06-02 09:46:39.307697473+02:00','2025-02-25 10:54:54.677452704+01:00',NULL,'node029','[]','100.64.0.19','fd7a:115c:a1e0::13');
INSERT INTO nodes VALUES(30,'mkey:bba58c946e9f67a39d4a8f0f36b64169c0baf421e280fb4ace27827385444ff8','nodekey:f1e7106cf01ac4b975fc1176b9ca93e8ed17b4f406a5e4c7dffa4d7f003b2ced','discokey:98979075a00ac5b3b0b193011ceca8608729166168eecbe99cb9bb8ff59df080','srv-98',1,'authkey',30,'2025-02-15 09:20:40.349716088+01:00','0001-01-01 00:00:00+00:00','{"fake":"data"}','["[c7df:a6c9:ae51:6570:f6b6:7d2c:1803:50f0]:6218","62.26.91.22:45257","37.207.25.123:5981","[5b20:30d9:10ce:eafd:90f2:bf34:b3e8:fedb]:18638"]','2024-07-29 14:24:27.684620193+02:00','2025-02-15 09:20:40.350483576+01:00',NULL,'node030','[]','100.64.0.12','fd7a:115c:a1e0::c');
INSERT INTO nodes VALUES(31,'mkey:8de33b4e277715f445a3530365044c55cc63c9b1abf4b586d017fbfdfa8a5b0e','nodekey:519bbb0b96ac86e86baf7dc5b9c92dd59eb3907c6e45f242aa0f3989b87f6c3e','discokey:65ff26a4a3d846c72e104d7cf5c22372c435f781ad1c0aeb99b40f046c3dfb67','lt-92',1,'authkey',31,'2025-02-25 10:56:26.138523564+01:00','0001-01-01 00:00:00+00:00','{"fake":"data"}','["183.225.17.130:38581","128.41.168.9:19215","39.206.106.178:64472","[a3b:5db7:67ad:9dfa:1b70:91c6:15ae:e5ad]:26117"]','2024-08-07 20:35:12.944541318+02:00','2025-02-25 10:56:26.139732495+01:00',NULL,'node031','[]','100.64.0.20','fd7a:115c:a1e0::14');
INSERT INTO nodes VALUES(32,'mkey:41c6942d339502595b451a83099f62811b65eb38dab6332b80dc801ee24a2b3e','nodekey:bfa1d578b0f89f1bf88249ef93aeaebd64e434ab28376e0f312694f979438ad7','discokey:f86c45ad30b7c20300756d34059a6e025ef9f7f477614544f2e433d36d546fd9','desktop-10',1,'cli',NULL,'2025-02-25 11:30:05.852369159+01:00','0001-01-01 00:00:00+00:00','{"fake":"data"}','["[9b41:6262:cbeb:cfa9:3f72:a287:5524:c052]:8383","[3981:7f70:a471:4993:c3a4:3173:1b62:544e]:43648","200.130.212.85:63469","216.16.62.70:35569","213.115.82.246:7596","195.216.27.246:54466","[c47f:35c9:41fe:6f5:a40d:3e8b:6679:411e]:12963","19.205.218.60:63516","116.228.193.194:44296","[ee98:8de3:1f5b:731c:751b:ba46:a4a7:8760]:23245","[6eb3:8c34:e6c9:4c6a:25c9:89ca:c165:354e]:65112","[7003:63bb:6429:d463:96a6:990:2bdc:217d]:4300","[d820:584e:2b46:6915:6420:3056:f76:9e33]:48885"]','2024-10-26 07:18:04.947942936+02:00','2025-02-25 11:30:05.852688962+01:00',NULL,'node032',NULL,'100.64.0.21','fd7a:115c:a1e0::15');
INSERT INTO nodes VALUES(33,'mkey:448ecfac13b4affb86e121ffbff9da87acabac6c21dee28de2eb3371ea8276b5','nodekey:dd35ae383e1ae1af878c3c16cbd53f09e9ebaafc8787cb3d632954ed7ac9e277','discokey:beeb96403422394aa40bb619a3b582d50453e851815173c5b30d7163f4ed6ce0','lt-02',7,'cli',NULL,'2025-02-24 20:01:06.886972101+01:00',NULL,'{"fake":"data"}','["131.88.182.238:63239","146.198.220.228:37962","[bc8:3c85:dde1:8c19:4d87:a3ca:f9f4:3c6f]:20142","[785b:eebc:c3a6:bde6:f89:927:da7f:190b]:3639","68.183.1.227:6112","[9fd7:101c:db80:8423:7697:70:2c52:cbbc]:17162","67.6.72.132:32571","[524:9a03:6a60:cc60:d594:b98e:e32f:d883]:8390","86.91.139.227:63567"]','2025-02-23 07:59:15.141530181+01:00','2025-02-24 20:01:06.88755488+01:00',NULL,'node033',NULL,'100.64.0.11','fd7a:115c:a1e0::b');
CREATE TABLE `policies` (`id` integer PRIMARY KEY AUTOINCREMENT,`created_at` datetime,`updated_at` datetime,`deleted_at` datetime,`data` text);
CREATE TABLE IF NOT EXISTS "routes"  (`id` integer,`created_at` datetime,`updated_at` datetime,`deleted_at` datetime,`node_id` integer NOT NULL,`prefix` text,`advertised` numeric,`enabled` numeric,`is_primary` numeric,PRIMARY KEY (`id`),CONSTRAINT `fk_nodes_routes` FOREIGN KEY (`node_id`) REFERENCES `nodes`(`id`) ON DELETE CASCADE);
INSERT INTO routes VALUES(7,'2023-01-15 14:41:49.445054371+01:00','2023-01-29 10:12:11.959527554+01:00',NULL,14,'0.0.0.0/0',1,1,0);
INSERT INTO routes VALUES(8,'2023-01-15 14:41:49.452617331+01:00','2023-01-29 10:12:13.154311101+01:00',NULL,14,'::/0',1,1,0);
INSERT INTO routes VALUES(9,'2024-05-05 07:16:02.944084847+02:00','2024-05-05 13:25:02.977065366+02:00',NULL,3,'172.30.190.136/30',1,1,1);
INSERT INTO routes VALUES(10,'2024-05-05 07:16:02.95709561+02:00','2024-05-05 13:25:04.513930181+02:00',NULL,3,'10.241.118.90/31',1,1,1);
INSERT INTO routes VALUES(17,'2024-08-08 20:44:22.76306591+02:00','2024-12-21 12:10:07.339044415+01:00',NULL,31,'192.168.0.0/17',1,1,1);
INSERT INTO routes VALUES(18,'2024-08-08 20:47:33.469970726+02:00','2024-12-21 12:10:07.442783446+01:00',NULL,31,'192.168.192.0/19',1,1,1);
INSERT INTO routes VALUES(21,'2024-08-08 20:54:05.146666051+02:00','2024-12-21 12:10:07.538738125+01:00',NULL,31,'172.29.254.8/29',1,1,1);
INSERT INTO routes VALUES(23,'2024-08-08 20:54:05.162212208+02:00','2024-12-21 12:10:07.644714175+01:00',NULL,31,'172.18.8.0/22',1,1,1);
INSERT INTO routes VALUES(25,'2024-08-08 20:54:05.179419681+02:00','2024-12-21 12:10:07.753927883+01:00',NULL,31,'10.169.34.250/31',1,1,1);
INSERT INTO routes VALUES(26,'2024-08-08 20:54:05.186132539+02:00','2024-12-21 12:10:07.871905187+01:00',NULL,31,'172.24.0.0/16',1,1,1);
INSERT INTO routes VALUES(28,'2024-08-08 20:54:05.202442818+02:00','2024-12-21 12:10:07.972132539+01:00',NULL,31,'10.149.80.0/20',1,1,1);
INSERT INTO routes VALUES(31,'2024-08-08 20:54:05.246698925+02:00','2024-12-21 12:10:08.150358433+01:00',NULL,31,'10.232.0.0/13',1,1,1);
INSERT INTO routes VALUES(32,'2024-08-08 20:54:05.256984635+02:00','2024-12-21 12:10:08.349521909+01:00',NULL,31,'172.23.0.0/21',1,1,1);
INSERT INTO routes VALUES(37,'2024-08-08 20:54:05.300971626+02:00','2024-12-21 12:10:08.553265285+01:00',NULL,31,'172.17.124.137/32',1,1,1);
INSERT INTO routes VALUES(43,'2024-08-08 20:54:05.383430747+02:00','2024-12-21 12:10:08.66112581+01:00',NULL,31,'10.91.8.0/21',1,1,1);
INSERT INTO routes VALUES(47,'2024-08-08 20:54:05.443181025+02:00','2024-12-21 12:10:08.826993878+01:00',NULL,31,'192.168.222.64/27',1,1,1);
INSERT INTO routes VALUES(48,'2024-08-08 20:54:05.449778605+02:00','2024-12-21 12:10:09.237117302+01:00',NULL,31,'10.16.0.0/12',1,1,1);
INSERT INTO routes VALUES(49,'2024-09-03 06:43:34.875117755+02:00','2024-12-21 12:10:09.342259317+01:00',NULL,31,'192.168.191.192/28',1,1,1);
INSERT INTO routes VALUES(50,'2025-02-23 06:43:34.875117755+02:00','2025-02-23 06:43:34.875117755+02:00',NULL,33,'10.225.156.72/29',1,1,1);
INSERT INTO routes VALUES(51,'2025-02-23 06:43:34.875117755+02:00','2025-02-23 06:43:34.875117755+02:00',NULL,33,'172.28.71.145/32',1,1,1);
INSERT INTO routes VALUES(52,'2025-02-23 06:43:34.875117755+02:00','2025-02-23 06:43:34.875117755+02:00',NULL,33,'10.104.0.0/13',1,1,1);
INSERT INTO routes VALUES(53,'2025-02-23 06:43:34.875117755+02:00','2025-02-23 06:43:34.875117755+02:00',NULL,33,'172.16.0.0/13',1,1,1);
INSERT INTO routes VALUES(54,'2025-02-23 06:43:34.875117755+02:00','2025-02-23 06:43:34.875117755+02:00',NULL,33,'10.60.104.0/24',1,1,1);
INSERT INTO routes VALUES(55,'2025-02-23 06:43:34.875117755+02:00','2025-02-23 06:43:34.875117755+02:00',NULL,33,'10.89.96.0/19',1,1,1);
CREATE TABLE IF NOT EXISTS "users"  (`id` integer,`created_at` datetime,`updated_at` datetime,`deleted_at` datetime,`name` text UNIQUE,`display_name` text,`email` text,`provider_identifier` text,`provider` text,`profile_pic_url` text,PRIMARY KEY (`id`));
INSERT INTO users VALUES(1,'2022-02-26 18:00:56.104436744+01:00','2024-09-14 08:51:13.31135114+02:00',NULL,'user001','','',NULL,NULL,'');
INSERT INTO users VALUES(4,'2022-04-01 22:30:02.657653341+02:00','2024-09-14 08:55:27.877614108+02:00',NULL,'user004','','',NULL,NULL,'');
INSERT INTO users VALUES(7,'2024-05-05 07:08:47.915309504+02:00','2024-09-14 08:55:02.778476991+02:00',NULL,'user007','','',NULL,NULL,'');
INSERT INTO users VALUES(8,'2024-09-14 08:57:26.215082073+02:00','2024-09-14 08:57:26.215082073+02:00',NULL,'user008','','',NULL,NULL,'');
CREATE UNIQUE INDEX `idx_api_keys_prefix` ON `api_keys`(`prefix`);
CREATE INDEX `idx_policies_deleted_at` ON `policies`(`deleted_at`);
CREATE INDEX `idx_routes_deleted_at` ON `routes`(`deleted_at`);
CREATE INDEX `idx_users_deleted_at` ON `users`(`deleted_at`);
COMMIT;
