PRAGMA foreign_keys=OFF;
BEGIN TRANSACTION;
CREATE TABLE `migrations` (`id` text,PRIMARY KEY (`id`));
INSERT INTO migrations VALUES('202312101416');
INSERT INTO migrations VALUES('202312101430');
INSERT INTO migrations VALUES('202402151347');
INSERT INTO migrations VALUES('2024041121742');
INSERT INTO migrations VALUES('202406021630');
INSERT INTO migrations VALUES('202409271400');
INSERT INTO migrations VALUES('202407191627');
INSERT INTO migrations VALUES('202408181235');
INSERT INTO migrations VALUES('202501221827');
CREATE TABLE IF NOT EXISTS "pre_auth_keys"  (`id` integer,`key` text,"user_id" integer,`reusable` numeric,`ephemeral` numeric DEFAULT false,`used` numeric DEFAULT false,`created_at` datetime,`expiration` datetime, `tags` text,PRIMARY KEY (`id`),CONSTRAINT `fk_pre_auth_keys_user` FOREIGN KEY (`user_id`) REFERENCES `users`(`id`) ON DELETE CASCADE);
INSERT INTO pre_auth_keys VALUES(1,'c0e73b52c1706fcceea368ae07c19c0e91fbe1f78eff2f7b',1,0,1,0,'2022-02-26 17:02:32.568878371+00:00','2022-02-26 18:11:15.388354971+01:00',NULL);
INSERT INTO pre_auth_keys VALUES(2,'ad293159f9506a02d6de4730e5a2ddb74f9fd4033919ecc5',1,0,1,1,'2022-02-26 17:08:07.828690446+00:00','2022-02-26 18:11:18.890985216+01:00',NULL);
INSERT INTO pre_auth_keys VALUES(3,'66c7e0fbf74010ea2e153d35ffa0f3c48380ef38960d1fd1',1,0,0,1,'2022-02-26 17:11:54.149663776+00:00','2022-02-26 17:16:54.147175388+00:00',NULL);
INSERT INTO pre_auth_keys VALUES(4,'cdbb69c88fabdc2609050c7f99e8ebdea6fcf81a50d802fc',1,0,0,1,'2022-02-26 17:15:34.160746962+00:00','2022-02-26 17:20:34.15935255+00:00',NULL);
INSERT INTO pre_auth_keys VALUES(6,'0a99889a217a2f9cdd20082faadd5c90e72c83a47093a63a',1,0,0,1,'2022-03-04 07:27:17.535172209+00:00','2022-03-04 07:32:17.531871524+00:00',NULL);
INSERT INTO pre_auth_keys VALUES(10,'6e88409e3883c1a47249e428030afd4a46bdaf3adb3b74c1',4,0,0,1,'2022-04-01 20:43:21.757703546+00:00','2022-04-01 20:48:21.756458144+00:00',NULL);
INSERT INTO pre_auth_keys VALUES(13,'9d3c2bde9fcef181a3141dfe59d449bf03f6779dad3580e0',1,0,0,1,'2022-06-26 13:19:48.533865696+00:00','2022-06-26 13:24:48.532164552+00:00',NULL);
INSERT INTO pre_auth_keys VALUES(16,'00b123d52ea8f58379b740fdc5c898b02330ab9b366cb1b4',1,0,0,1,'2023-02-12 06:21:30.15120385+00:00','2023-02-12 06:26:30.140082454+00:00',NULL);
INSERT INTO pre_auth_keys VALUES(17,'c471ce93392c0d3040af0cf6166f4f578c3c66dd180b6e0b',1,0,0,1,'2023-02-12 06:26:55.829311638+00:00','2023-02-12 06:31:55.824701077+00:00',NULL);
INSERT INTO pre_auth_keys VALUES(18,'fe0a438e67687540efcbbbc28c8e6c1b8ac1216f99de33d4',1,0,0,1,'2023-02-12 06:31:13.245185592+00:00','2023-02-12 06:36:13.241695106+00:00',NULL);
INSERT INTO pre_auth_keys VALUES(19,'5a469043f1fa43ff11e54ea242dd882a81aea68f168b9a34',1,0,0,1,'2023-02-12 06:31:13.622545545+00:00','2023-02-12 06:36:13.560890824+00:00',NULL);
INSERT INTO pre_auth_keys VALUES(20,'8b31d9a38282dfe07ffcebdfbd40db6b9e49997c93bed570',1,0,0,1,'2023-02-28 12:45:48.518939706+00:00','2023-02-28 12:50:48.445951259+00:00',NULL);
INSERT INTO pre_auth_keys VALUES(21,'47a4216f2b4e5885d4e53a3de2ffe95521d8a708ca26d31e',1,0,0,1,'2023-02-28 12:45:48.53865321+00:00','2023-02-28 12:50:48.439132728+00:00',NULL);
INSERT INTO pre_auth_keys VALUES(22,'1b7be83871f396e4544c8445acfc8d308dbfe29c7f0197f0',1,0,0,1,'2023-02-28 12:45:48.538806791+00:00','2023-02-28 12:50:48.445073692+00:00',NULL);
INSERT INTO pre_auth_keys VALUES(23,'c9f364adba95c6c46c162eaa3786702805595841c0150927',1,0,0,1,'2023-05-05 08:08:16.73107293+00:00','2023-05-05 08:13:16.722921676+00:00',NULL);
INSERT INTO pre_auth_keys VALUES(24,'a90c87e30fa22ffee39e5ce157dd22c909f2026295e3bce4',1,0,0,1,'2023-08-14 14:36:52.042138928+00:00','2023-08-14 14:41:52.038644473+00:00',NULL);
INSERT INTO pre_auth_keys VALUES(25,'bb059cde5663619a8918bde19b9f8236085725554d9d78c2',1,0,0,1,'2023-08-14 16:15:33.722630834+00:00','2023-08-14 16:20:33.719604033+00:00',NULL);
INSERT INTO pre_auth_keys VALUES(26,'0733b8fc67adc82644c87a95947b24c5d368c633cff92eb4',1,0,0,1,'2023-08-29 06:30:44.934900329+00:00','2023-08-29 06:35:44.931280114+00:00',NULL);
INSERT INTO pre_auth_keys VALUES(27,'567f3a39066fd99c567d14bcc374b25cee0ad71af08b9054',1,0,0,1,'2023-11-03 17:53:45.857200883+00:00','2023-11-03 17:58:45.853742836+00:00',NULL);
INSERT INTO pre_auth_keys VALUES(30,'8aa13c93cbef46d36c8159da51fb41a469ae04f932980890',1,0,0,1,'2024-07-29 12:24:27.140614087+00:00','2024-07-29 12:29:27.136525982+00:00',NULL);
INSERT INTO pre_auth_keys VALUES(31,'9314b171abc433d73b8db297c1c5c65dae0be53d39a71520',1,0,0,1,'2024-08-07 18:35:12.375119763+00:00','2024-08-07 18:40:12.371590392+00:00',NULL);
CREATE TABLE IF NOT EXISTS "api_keys"  (`id` integer,`prefix` text UNIQUE,`hash` blob,`created_at` datetime,`expiration` datetime,`last_seen` datetime,PRIMARY KEY (`id`));
INSERT INTO api_keys VALUES(1,'S2nn85NliD',X'24326224313224626f6979756458356735466b4e316d795a44596f622e744441784835724a39306538436c7a4f51384e374f3153466479454c706261','2022-12-25 21:35:28.644697962+01:00','2023-03-22 06:22:18.724817647+01:00',NULL);
INSERT INTO api_keys VALUES(2,'1KZkpEyiMH',X'243262243132247652305238364b30727533524b5735777658706f5275684d37727173306549352f585772656a32394e4472594a7339556f55493843','2023-03-22 06:22:18.339101298+01:00','2023-04-13 09:32:24.318715268+02:00',NULL);
INSERT INTO api_keys VALUES(3,'6yBMrqvEDX',X'24326224313224676f6d4556557a2e45695a7354775663414c714252656f4e3572714d364643322f2f7466794652344d7a6c344f504953656845504b','2023-04-13 09:32:23.864995051+02:00','2023-07-12 07:32:23.45+00:00',NULL);
CREATE TABLE IF NOT EXISTS "nodes"  (`id` integer,`machine_key` text,`node_key` text,`disco_key` text,"hostname" text,"user_id" integer,`register_method` text,`auth_key_id` integer,`last_seen` datetime,`expiry` datetime,`host_info` text,`endpoints` text,`created_at` datetime,`updated_at` datetime,`deleted_at` datetime,`given_name` varchar(63),`forced_tags` text,`ipv4` text,`ipv6` text,PRIMARY KEY (`id`),CONSTRAINT `fk_nodes_user` FOREIGN KEY (`user_id`) REFERENCES `users`(`id`) ON DELETE CASCADE,CONSTRAINT `fk_nodes_auth_key` FOREIGN KEY (`auth_key_id`) REFERENCES `pre_auth_keys`(`id`) ON DELETE SET NULL);
INSERT INTO nodes VALUES(1,'mkey:6a9f06fccf0eff626075428e16c07c2e93464667a67c84dd0efadb1a74761d72','nodekey:d0d67c955181f1a9369a471496e1004678eebd93660394949848e61c7132ef9e','discokey:7667a90b1915f5cb3f725d159cd3f8bc3e46f6244df25f45d7fadc830a6d064e','web-05',1,'authKey',3,'2025-01-30 19:38:27.812993984+01:00','0001-01-01 00:00:00+00:00','{"fake":"data"}','["198.139.228.73:16016","[a5dd:542c:6998:997c:2d87:61b0:c760:ab6f]:56919","112.221.140.130:19743","[6520:763a:5fe2:8e88:5c8e:5b03:eeb1:5588]:20840","[7670:9084:a917:1173:70ce:2798:c805:66dc]:50297"]','2022-02-26 18:11:55.92837512+01:00','2025-01-30 19:38:27.813720595+01:00',NULL,'node001',NULL,'100.64.0.1','fd7a:115c:a1e0::1');
INSERT INTO nodes VALUES(3,'mkey:67287ef80f62664d68f3050e68ced4e8f78e173151801529551d42fd8e951b40','nodekey:6afc027970c1ddf9b3544b8c49223dcafe436a51384f80bb341a8f8322bef6d8','discokey:86693fc9f959f11015f3ff457b8d62381a6542e2eef097e2b6bdd679175c975b','srv-24',7,'authKey',NULL,'2025-01-29 12:28:39.61495602+01:00','0001-01-01 00:00:00+00:00','{"fake":"data"}','["[2cbd:607c:5e91:ea51:38ed:557:fd0:3405]:48307","[790b:6b18:8ac1:afa8:c2d3:f6b:37f6:623f]:41499"]','2022-03-01 19:26:46.242187887+01:00','2025-01-29 12:28:39.615036412+01:00',NULL,'node003',NULL,'100.64.0.3','fd7a:115c:a1e0::3');
INSERT INTO nodes VALUES(4,'mkey:e0630dc6f407e6064c010dbef10b982c6e9d731706cc13b10993b542e81edf47','nodekey:44f96cda7202665271958eac8a3cfb120ea72209ee88d93fac3c23aeafa3a993','discokey:48b58784e2acdad30028ceed18bc9e7bd5fae3605dbef1a40f3f38a705adef9d','desktop-44',1,'authKey',6,'2025-01-30 17:44:08.255021526+01:00','0001-01-01 00:00:00+00:00','{"fake":"data"}','["[b53b:c286:a007:e851:dc6e:8152:82a5:22ca]:25604","[ff9b:6bbd:77bc:323d:12e4:22ba:b712:80c]:37729","[1e76:19af:e817:9a33:4f83:366e:b686:6362]:39521","57.71.157.166:9055","[c199:e8ca:c1bb:8364:dde8:bf3e:9467:c050]:61218"]','2022-03-04 08:27:19.383566031+01:00','2025-01-30 17:44:08.255111155+01:00',NULL,'node004',NULL,'100.64.0.2','fd7a:115c:a1e0::2');
INSERT INTO nodes VALUES(5,'mkey:4f7673e616b40b313ef69fd390e9c4bdb4c80f66840defb02c37d6f2fa152c5c','nodekey:91ee8b593bb0599e9583a692dabef9528423878f737f7bfdf339fc02bbe8ab47','discokey:fb3b2c151a0d277e77837dc2a5e96fe8f05bbefa770a84822689ec2c63dfe358','email-24',8,'authKey',NULL,'2025-01-30 07:11:28.440822489+01:00','0001-01-01 00:00:00+00:00','{"fake":"data"}','["[6add:4288:4372:c9ce:7cee:4852:e6d0:9d56]:44968","[884b:b2cc:e2f3:ab06:131b:e30c:69a2:363]:32943","49.81.27.127:23839"]','2022-03-05 13:54:23.660591381+01:00','2025-01-30 07:11:28.441136461+01:00',NULL,'node005',NULL,'100.64.0.4','fd7a:115c:a1e0::4');
INSERT INTO nodes VALUES(6,'mkey:e8a549e38c8301af3c044ff9ca1df86c814bc9c9a62bddd28ff47ebd9b113d07','nodekey:f0188064db0f31b49e1048044186d20700406a7a7b71b054507c90d5a79e7de4','discokey:30687e0c15fc480ef15f9d91011c9fa458c18370db11cdc8b72f36e814e9ece2','lt-01',1,'authkey',NULL,'2025-01-30 18:10:50.161868774+01:00','0001-01-01 00:00:00+00:00','{"fake":"data"}','["[be53:e324:1587:4d86:d24c:8662:cd5c:a4c8]:58105","59.239.218.25:49807","[cfa4:ad2e:1410:3b78:ce03:b437:6749:ff3a]:39835"]','2022-03-21 15:52:20.739594362+01:00','2025-01-30 18:10:50.16216299+01:00',NULL,'node006',NULL,'100.64.0.5','fd7a:115c:a1e0::5');
INSERT INTO nodes VALUES(7,'mkey:45c951d703f782a16a6db8b4dc872952308f86883499d0613f03318d18f3e7fe','nodekey:70837c16d309644e71e6b251bdb66c4e6a5c9b9f6e23a3b803142b8f00d1017a','discokey:ebe6dd61b6b2bafccce9d01ba0d58ea2ee93a90ae6cafb4383453fb4a17441b4','desktop-61',4,'authkey',10,'2025-01-30 15:57:13.811124896+01:00','0001-01-01 00:00:00+00:00','{"fake":"data"}','["[e5e8:7d01:63fc:4220:3b4a:df5:ebe:748c]:47047","[7513:6321:b35:b633:b39e:41ed:10a1:3fdd]:462","[8dc0:10e:95b6:9954:2614:8dcc:6564:e167]:58499","[8e6d:95be:19a9:316a:d37e:bcb6:5e05:d7f0]:36162","[5bb2:705a:7f5c:3c9:db83:956a:1ce:5291]:9510"]','2022-04-01 22:43:27.318756043+02:00','2025-01-30 15:57:13.811810941+01:00',NULL,'node007',NULL,'100.64.0.6','fd7a:115c:a1e0::6');
INSERT INTO nodes VALUES(8,'mkey:3dff46782f13efbfe7b1a9d5d3275f48954a1abe29111b484fdb3c6edfb795bd','nodekey:080424852e9cbe3c2eaac52c1890cf485bbc2604615ec3c293b80322f17dbe63','discokey:2f6a05491ef99cafaf968c0c62b5c9d19083ef070991ee677d14b0ac9ce08377','db-70',7,'authkey',NULL,'2025-01-30 18:49:07.297878703+01:00','0001-01-01 00:00:00+00:00','{"fake":"data"}','["166.240.74.240:40259","[7311:ce3c:e8cf:c591:533:7132:4504:52ca]:48923","[4912:5cdb:3ed8:7c52:6b8b:2d37:59bf:cf98]:20693","[bad1:e653:831e:aa61:61e4:f824:996a:aac9]:11845","87.221.84.2:11620","71.36.112.35:10587"]','2022-04-03 09:38:46.178224968+02:00','2025-01-30 18:49:07.298161737+01:00',NULL,'node008',NULL,'100.64.0.7','fd7a:115c:a1e0::7');
INSERT INTO nodes VALUES(9,'mkey:90c42ae0cf8652f585ac27eb51f0890b9a101b20a834eefed6ea4bd503313550','nodekey:099ecaa8aae2e406befa1c6343b85d8e14ab4f3171835637762069ccda6065d5','discokey:de9ca6bbc281fca8ccffe16d3576385a1864854a0054e74c755c73c9e66d7610','lt-30',7,'cli',NULL,'2025-01-30 17:13:53.726978413+01:00','0001-01-01 00:00:00+00:00','{"fake":"data"}','["32.34.123.165:35870","[1daf:274c:55b2:7413:3c1:bd3d:acc5:4eb1]:33732","182.237.82.235:32290","6.93.152.196:16212","[a38c:efed:7c57:2d0f:4348:fbba:e351:9d7]:10415"]','2022-04-09 09:43:07.09027176+02:00','2025-01-30 17:13:53.72707237+01:00',NULL,'node009',NULL,'100.64.0.8','fd7a:115c:a1e0::8');
INSERT INTO nodes VALUES(10,'mkey:6df036352af9c6f03145a8a580466877042296ec2ce47f9cbb8d079baba8925e','nodekey:32934a036fc17e051dd08ca451cae3929e3636eb834771c350d2bffdda7e721c','discokey:0478a62f4092127fd4ca7f4fc35dcf40219bccc9ebf3a35ab77e3dc61269a55c','email-93',1,'authkey',NULL,'2025-01-26 10:25:51.849469454+01:00','0001-01-01 00:00:00+00:00','{"fake":"data"}','["70.180.67.60:48287","141.100.183.252:19523"]','2022-06-26 13:57:07.40762063+02:00','2025-01-26 10:25:51.849815197+01:00',NULL,'node010',NULL,'100.64.0.9','fd7a:115c:a1e0::9');
INSERT INTO nodes VALUES(11,'mkey:9d0a61f24aedbb4580224879acfb30b61cf10b3b293667ee110b1319ae4703ef','nodekey:d3b8ad82d1b771993c45ac10037fea8926693262b4f754b845545f3b9e6760d3','discokey:b5f97e790d1452ad4f7e27bcca9611e7d8bb080c4b2860e57c46a784b038f09f','web-33',1,'authkey',13,'2025-01-30 07:37:07.518404681+01:00','0001-01-01 00:00:00+00:00','{"fake":"data"}','["128.57.253.0:39500","25.178.136.37:18298","86.9.216.195:48221","[c131:2e8:80a6:4825:7e56:cc6f:9dcc:37d5]:18109"]','2022-06-26 15:19:50.566498735+02:00','2025-01-30 07:37:07.519108399+01:00',NULL,'node011',NULL,'100.64.0.10','fd7a:115c:a1e0::a');
INSERT INTO nodes VALUES(14,'mkey:a177d1fd989be953fd86bb5dc04c13feb917b019d5e0bfeda2715ea88abf7ff6','nodekey:8f6020fe3f16fb9da556b43079fb6885f53a8733318599b3b25706f6c7d99d9d','discokey:f2276c628270c0eaee429a55185611ebcb961bf07b02de854a0bc4382564eae4','email-37',1,'authkey',NULL,'2025-01-30 06:18:09.988928832+01:00','0001-01-01 00:00:00+00:00','{"fake":"data"}','["[ff2e:b9f0:9890:1aab:42e5:c2ac:a177:66d5]:11839","223.36.72.39:33254","[ec6b:fbd2:bbc3:162b:74ef:b955:514:2656]:46024","221.176.225.4:60304"]','2022-09-26 16:07:54.206927686+02:00','2025-01-30 06:18:09.989199262+01:00',NULL,'node014',NULL,'100.64.0.13','fd7a:115c:a1e0::d');
INSERT INTO nodes VALUES(23,'mkey:0bd4a2eac9b6f9b77ab9ee9ea42b36b74d73e0544a2c482526b2385e8bcb0c34','nodekey:1a5c66957c54314f72ea26fed12e48b9c4149c1f640300e39d6190226bc1aaf8','discokey:9f151fb1569ef5341c8f54eec62b82cb7e5f21540ebe9271ae6449a31250123a','laptop-22',1,'authkey',23,'2025-01-30 07:37:08.458181354+01:00','0001-01-01 00:00:00+00:00','{"fake":"data"}','["55.247.173.145:28477","197.123.99.18:53038","102.60.187.246:41096","155.239.169.182:41163"]','2023-05-05 10:08:17.301597525+02:00','2025-01-30 07:37:08.526403731+01:00',NULL,'node023','[]','100.64.0.14','fd7a:115c:a1e0::e');
INSERT INTO nodes VALUES(24,'mkey:972ef94d28e97680b5bb3ec45a8f7afff8d6988dc9685466fbba21ad96dd0d76','nodekey:a27328ce98ebfb68b59db23adcbd8f402f0ca88c656f8d8a37aafdd5226dd84a','discokey:2cec5f97c2c29ca3bafadbddddebdec872360cf725298c62bb824a6093c838df','db-54',1,'authkey',25,'2025-01-13 15:02:48.676721758+01:00','0001-01-01 00:00:00+00:00','{"fake":"data"}','["172.58.255.148:13691","31.145.94.155:5734","[e9c0:d5fd:b25c:8cc7:4c58:b666:3fc1:2814]:11543","30.125.129.134:36303","[213c:e72:d34:c59c:d4fa:8bb5:f6d3:d691]:24926","83.92.114.14:38013","223.127.253.143:5148"]','2023-08-14 18:15:34.292188686+02:00','2025-01-13 15:02:48.67679754+01:00',NULL,'node024','[]','100.64.0.15','fd7a:115c:a1e0::f');
INSERT INTO nodes VALUES(25,'mkey:7c84b8eea26e6d6a14e08ee933806ca4fb854bd0a168ee576efc58a69523ea0f','nodekey:00cb375ac5580c5718d7879942eba4378d73bf4026ae583a72c6d72f9a2f5958','discokey:69afa6724b1c46f7947a232489f51bd458db562c1144d41ba1b6075395e62529','db-61',1,'authkey',26,'2025-01-30 07:37:08.558409068+01:00','0001-01-01 00:00:00+00:00','{"fake":"data"}','["[9599:6347:eeed:7573:eb34:676:69d5:954]:17338","87.151.18.221:6598","110.245.60.227:50528","33.141.84.140:39332"]','2023-08-29 08:30:45.518580154+02:00','2025-01-30 07:37:08.559668856+01:00',NULL,'node025','[]','100.64.0.16','fd7a:115c:a1e0::10');
INSERT INTO nodes VALUES(26,'mkey:5a1b0920cafe0a8b54af7194baceac2029c4b12afc0e542423637f47cc4e53e7','nodekey:927c5ab7c0b8288ca36897c5f371487e9dc2200f28507029e1864086d95b5b1e','discokey:260c9a090d46eef056c0d411d4097b41aa0e9902f15cfa59906ee85f526f52b6','srv-51',1,'authkey',27,'2025-01-30 19:34:43.188756627+01:00','0001-01-01 00:00:00+00:00','{"fake":"data"}','["[6676:38fc:5af9:3b60:41b7:e46e:bbe1:c8bf]:30898","[4aba:d70:c25d:5d4d:1bc0:d119:4749:9efc]:37269","[9320:382a:5779:2fa7:b46f:c4d5:f889:3155]:46058","[3d31:7ec5:7635:7b6c:c7d0:cf70:bb45:6922]:16454","[80d6:f9fd:44f8:58b7:2049:70d4:721:139d]:31272"]','2023-11-03 18:53:48.108033118+01:00','2025-01-30 19:34:43.189464994+01:00',NULL,'node026','[]','100.64.0.17','fd7a:115c:a1e0::11');
INSERT INTO nodes VALUES(27,'mkey:9776d9e03b05d823cd49eae6194bd35af003ab124abcb8665e51befcbb97f7dd','nodekey:66e111175598e5b35832a9cd18ffdf2661caad4eb206a432cbb7a2916e64a3d9','discokey:0abf0367186a9e7b1fba741a8f4020db8e21fe9091aa0726ad5ebf7cb8e5634f','email-21',7,'authkey',NULL,'2025-01-30 00:13:32.682147532+01:00','0001-01-01 00:00:00+00:00','{"fake":"data"}','["[60da:30ec:55bd:5ab3:3fe7:5492:1fc8:92f3]:36566","105.238.97.70:40193","[8c84:2d7e:5e1a:2f51:8754:aa54:b421:a19f]:60672","[5101:751a:5e00:cf46:8b50:8ba9:3c8e:4c7c]:33862","[b9fe:3630:1807:826:a4a6:e5d2:532c:bdc8]:43617","[25b5:5b72:2ecc:193c:b61e:329:81c6:5af6]:39854","214.128.115.35:43726","[436d:61b:9834:b0e0:b2ed:b452:6330:34ee]:59171","[13a0:b8ff:bebb:d48:e16e:869d:b542:531b]:17201","44.157.88.255:43418"]','2023-12-29 19:18:10.814399482+01:00','2025-01-30 00:13:32.682255545+01:00',NULL,'node027','[]','100.64.0.18','fd7a:115c:a1e0::12');
INSERT INTO nodes VALUES(29,'mkey:6e0a32694e0a2bddbcc71d9489cbb76439f43ceffa40ab8bf070a695be120390','nodekey:0c36c35d4cba9e0b70a945ab88622097fa8659da6c7a20b0e4cbee1dea649075','discokey:ce88ad8d792775af9639e6295818cb416fb0ad24bfa6550f00722ee8095399c7','db-48',1,'authkey',NULL,'2025-01-30 11:50:53.588423938+01:00','0001-01-01 00:00:00+00:00','{"fake":"data"}','["[60b9:155d:3b4a:1ade:51ce:e1f3:a6b8:8e5e]:42022","[ce74:4042:3405:dbfb:8e1b:2f01:5a55:6f49]:20536","[37ed:24ee:1ca9:2cdf:be79:d10a:1247:263c]:27485","199.22.246.223:36955"]','2024-06-02 09:46:39.307697473+02:00','2025-01-30 11:50:53.588974887+01:00',NULL,'node029','[]','100.64.0.19','fd7a:115c:a1e0::13');
INSERT INTO nodes VALUES(30,'mkey:93318ff3d9920d6be01eb5166a608fd76c094851aa925e55a2725c6dc99bbb3f','nodekey:cab6cdb81dff8d8a9eccb84d2ff9561bea8840a090f3ea1ae27e94b02ccd6744','discokey:4b472fdd9a6ab4f56f46139d55d525e17dfedd61aa11a0c62a02ebd80aef354e','email-50',1,'authkey',30,'2025-01-30 07:37:11.127249774+01:00','0001-01-01 00:00:00+00:00','{"fake":"data"}','["[2f41:257d:dc1b:c709:ea6c:1ad2:ba8e:af48]:60708","[c7df:a6c9:ae51:6570:f6b6:7d2c:1803:50f0]:6218","62.26.91.22:45257","37.207.25.123:5981"]','2024-07-29 14:24:27.684620193+02:00','2025-01-30 07:37:11.129269195+01:00',NULL,'node030','[]','100.64.0.12','fd7a:115c:a1e0::c');
INSERT INTO nodes VALUES(31,'mkey:ac01d01cd1e709938d07f3585184eef337024d32e80ceeddcb943ff8ca54cdd4','nodekey:d5906ed493f8df3fddb09fed829736f1274cb8120d6bcd33846a90460215a40d','discokey:0d4fc211bccbaa9f89e9ac73a33f4f682afe9d6ba7f722f5373cb1254787f2ef','srv-37',1,'authkey',31,'2025-01-30 19:36:44.453423774+01:00','0001-01-01 00:00:00+00:00','{"fake":"data"}','["49.111.96.135:35528","[abc1:b7cd:f18:6ed2:4b5a:9dce:3f08:8c17]:333","206.118.184.48:48132","7.64.160.114:11101","44.192.177.204:34267","192.170.230.144:10199"]','2024-08-07 20:35:12.944541318+02:00','2025-01-30 19:36:44.454213203+01:00',NULL,'node031','[]','100.64.0.20','fd7a:115c:a1e0::14');
INSERT INTO nodes VALUES(32,'mkey:f4cccb12f91a1b6c5a6dc5af6d307a821f701d5de57a17bc08f5599be53adf5f','nodekey:ed136fe41759c3e7be39bf15fdd6754769ce4cbb675540ece6fbf4a87b4ecfaf','discokey:f5c1095eb1350ff6a44d708bfe56d311f444d0f8e634b123230e6ce3ba854477','desktop-95',1,'cli',NULL,'2025-01-30 18:56:16.654079824+01:00','0001-01-01 00:00:00+00:00','{"fake":"data"}','["183.48.47.238:43648","200.130.212.85:63469","216.16.62.70:35569","213.115.82.246:7596","195.216.27.246:54466","[c47f:35c9:41fe:6f5:a40d:3e8b:6679:411e]:12963","19.205.218.60:63516","116.228.193.194:44296","[ee98:8de3:1f5b:731c:751b:ba46:a4a7:8760]:23245","[6eb3:8c34:e6c9:4c6a:25c9:89ca:c165:354e]:65112","[7003:63bb:6429:d463:96a6:990:2bdc:217d]:4300","[d820:584e:2b46:6915:6420:3056:f76:9e33]:48885","25.167.184.15:1967","82.253.97.208:8684","[3a58:c14f:7b83:917b:d62:dbb9:7a9a:1e81]:49391","[b4c2:50f5:986b:a9e7:bc25:1cb2:ef17:3144]:38454","198.9.176.244:6032"]','2024-10-26 07:18:04.947942936+02:00','2025-01-30 18:56:16.654364791+01:00',NULL,'node032',NULL,'100.64.0.21','fd7a:115c:a1e0::15');
CREATE TABLE `policies` (`id` integer PRIMARY KEY AUTOINCREMENT,`created_at` datetime,`updated_at` datetime,`deleted_at` datetime,`data` text);
CREATE TABLE IF NOT EXISTS "users"  (`id` integer,`created_at` datetime,`updated_at` datetime,`deleted_at` datetime,`name` text UNIQUE,`display_name` text,`email` text,`provider_identifier` text,`provider` text,`profile_pic_url` text,PRIMARY KEY (`id`));
INSERT INTO users VALUES(1,'2022-02-26 18:00:56.104436744+01:00','2024-09-14 08:51:13.31135114+02:00',NULL,'user001','','',NULL,NULL,'');
INSERT INTO users VALUES(4,'2022-04-01 22:30:02.657653341+02:00','2024-09-14 08:55:27.877614108+02:00',NULL,'user004','','',NULL,NULL,'');
INSERT INTO users VALUES(7,'2024-05-05 07:08:47.915309504+02:00','2024-09-14 08:55:02.778476991+02:00',NULL,'user007','','',NULL,NULL,'');
INSERT INTO users VALUES(8,'2024-09-14 08:57:26.215082073+02:00','2024-09-14 08:57:26.215082073+02:00',NULL,'user008','','',NULL,NULL,'');
CREATE TABLE IF NOT EXISTS "routes"  (`id` integer,`created_at` datetime,`updated_at` datetime,`deleted_at` datetime,`node_id` integer NOT NULL,`prefix` text,`advertised` numeric,`enabled` numeric,`is_primary` numeric,PRIMARY KEY (`id`),CONSTRAINT `fk_nodes_routes` FOREIGN KEY (`node_id`) REFERENCES `nodes`(`id`) ON DELETE CASCADE);
INSERT INTO routes VALUES(7,'2023-01-15 14:41:49.445054371+01:00','2023-01-29 10:12:11.959527554+01:00',NULL,14,'0.0.0.0/0',1,1,0);
INSERT INTO routes VALUES(8,'2023-01-15 14:41:49.452617331+01:00','2023-01-29 10:12:13.154311101+01:00',NULL,14,'::/0',1,1,0);
INSERT INTO routes VALUES(9,'2024-05-05 07:16:02.944084847+02:00','2024-05-05 13:25:02.977065366+02:00',NULL,3,'10.138.98.32/27',1,1,1);
INSERT INTO routes VALUES(10,'2024-05-05 07:16:02.95709561+02:00','2024-05-05 13:25:04.513930181+02:00',NULL,3,'192.168.208.0/20',1,1,1);
INSERT INTO routes VALUES(11,'2024-05-05 12:46:08.770263657+02:00','2024-05-05 12:46:39.012076195+02:00',NULL,27,'172.19.128.0/20',1,1,1);
INSERT INTO routes VALUES(12,'2024-05-05 12:46:08.779527998+02:00','2024-05-05 12:46:39.843489833+02:00',NULL,27,'10.68.0.0/14',1,1,1);
INSERT INTO routes VALUES(13,'2024-05-05 12:46:08.787239639+02:00','2024-05-05 12:46:40.983839193+02:00',NULL,27,'10.243.219.68/31',1,1,1);
INSERT INTO routes VALUES(14,'2024-05-05 12:46:08.794135892+02:00','2024-08-18 08:45:35.831813635+02:00',NULL,27,'10.30.155.128/25',1,1,1);
INSERT INTO routes VALUES(15,'2024-05-05 12:46:08.799975671+02:00','2024-05-05 12:46:44.333956126+02:00',NULL,27,'10.64.0.0/13',1,1,1);
INSERT INTO routes VALUES(16,'2024-05-05 12:46:08.806879988+02:00','2024-05-05 12:46:45.422824419+02:00',NULL,27,'192.168.0.0/16',1,1,1);
INSERT INTO routes VALUES(17,'2024-08-08 20:44:22.76306591+02:00','2024-12-21 12:10:07.339044415+01:00',NULL,31,'172.27.33.0/24',1,1,1);
INSERT INTO routes VALUES(18,'2024-08-08 20:47:33.469970726+02:00','2024-12-21 12:10:07.442783446+01:00',NULL,31,'10.151.196.0/23',1,1,1);
INSERT INTO routes VALUES(21,'2024-08-08 20:54:05.146666051+02:00','2024-12-21 12:10:07.538738125+01:00',NULL,31,'192.168.33.128/26',1,1,1);
INSERT INTO routes VALUES(23,'2024-08-08 20:54:05.162212208+02:00','2024-12-21 12:10:07.644714175+01:00',NULL,31,'10.69.87.96/27',1,1,1);
INSERT INTO routes VALUES(25,'2024-08-08 20:54:05.179419681+02:00','2024-12-21 12:10:07.753927883+01:00',NULL,31,'192.168.240.184/30',1,1,1);
INSERT INTO routes VALUES(26,'2024-08-08 20:54:05.186132539+02:00','2024-12-21 12:10:07.871905187+01:00',NULL,31,'172.19.162.160/27',1,1,1);
INSERT INTO routes VALUES(28,'2024-08-08 20:54:05.202442818+02:00','2024-12-21 12:10:07.972132539+01:00',NULL,31,'172.30.190.136/30',1,1,1);
INSERT INTO routes VALUES(31,'2024-08-08 20:54:05.246698925+02:00','2024-12-21 12:10:08.150358433+01:00',NULL,31,'10.241.118.90/31',1,1,1);
INSERT INTO routes VALUES(32,'2024-08-08 20:54:05.256984635+02:00','2024-12-21 12:10:08.349521909+01:00',NULL,31,'192.168.0.0/17',1,1,1);
INSERT INTO routes VALUES(37,'2024-08-08 20:54:05.300971626+02:00','2024-12-21 12:10:08.553265285+01:00',NULL,31,'192.168.192.0/19',1,1,1);
INSERT INTO routes VALUES(43,'2024-08-08 20:54:05.383430747+02:00','2024-12-21 12:10:08.66112581+01:00',NULL,31,'172.29.254.8/29',1,1,1);
INSERT INTO routes VALUES(47,'2024-08-08 20:54:05.443181025+02:00','2024-12-21 12:10:08.826993878+01:00',NULL,31,'172.18.8.0/22',1,1,1);
INSERT INTO routes VALUES(48,'2024-08-08 20:54:05.449778605+02:00','2024-12-21 12:10:09.237117302+01:00',NULL,31,'10.169.34.250/31',1,1,1);
INSERT INTO routes VALUES(49,'2024-09-03 06:43:34.875117755+02:00','2024-12-21 12:10:09.342259317+01:00',NULL,31,'172.24.0.0/16',1,1,1);
CREATE UNIQUE INDEX `idx_api_keys_prefix` ON `api_keys`(`prefix`);
CREATE INDEX `idx_policies_deleted_at` ON `policies`(`deleted_at`);
CREATE INDEX `idx_users_deleted_at` ON `users`(`deleted_at`);
CREATE INDEX `idx_routes_deleted_at` ON `routes`(`deleted_at`);
COMMIT;
